/*******************************************************************************
 * Size: 48 px
 * Bpp: 1
 * Opts: --bpp 1 --size 48 --no-compress --font ../../../Downloads/PressStart2P-Regular.ttf --range 32-127 --format lvgl
 ******************************************************************************/

#ifdef __has_include
    #if __has_include("lvgl.h")
        #ifndef LV_LVGL_H_INCLUDE_SIMPLE
            #define LV_LVGL_H_INCLUDE_SIMPLE
        #endif
    #endif
#endif

#ifdef LV_LVGL_H_INCLUDE_SIMPLE
    #include "lvgl.h"
#else
    #include "lvgl.h"
#endif

#ifndef UI_FONT_PRESS_START2_P_48
#define UI_FONT_PRESS_START2_P_48 1
#endif

#if UI_FONT_PRESS_START2_P_48

/*-----------------
 *    BITMAPS
 *----------------*/

/*Store the image of the glyphs*/
static LV_ATTRIBUTE_LARGE_CONST const uint8_t glyph_bitmap[] = {
    /* U+0020 " " */
    0x0,

    /* U+0021 "!" */
    0xff, 0xff, 0xff, 0xff, 0xff, 0xff, 0xff, 0xff,
    0xff, 0xff, 0xff, 0xff, 0xff, 0xff, 0xff, 0xff,
    0xff, 0xff, 0xff, 0xff, 0xff, 0xff, 0xff, 0xff,
    0xff, 0xff, 0xff, 0xff, 0xff, 0xff, 0xff, 0xff,
    0xff, 0xff, 0xff, 0xff, 0xff, 0xff, 0xff, 0xff,
    0xff, 0xff, 0x3, 0xff, 0xc0, 0xff, 0xf0, 0x3f,
    0xfc, 0xf, 0xff, 0x3, 0xff, 0xc0, 0xff, 0xf0,
    0x3f, 0xfc, 0xf, 0xff, 0x3, 0xff, 0xc0, 0xff,
    0xf0, 0x3f, 0xfc, 0x0, 0x0, 0x0, 0x0, 0x0,
    0x0, 0x0, 0x0, 0x0, 0x0, 0x0, 0x0, 0x0,
    0x0, 0xff, 0xf0, 0x3f, 0xfc, 0xf, 0xff, 0x3,
    0xff, 0xc0, 0xff, 0xf0, 0x3f, 0xfc, 0x0,

    /* U+0022 "\"" */
    0xff, 0xf0, 0x3f, 0xff, 0xff, 0xc0, 0xff, 0xff,
    0xff, 0x3, 0xff, 0xff, 0xfc, 0xf, 0xff, 0xff,
    0xf0, 0x3f, 0xff, 0xff, 0xc0, 0xff, 0xff, 0xff,
    0x3, 0xff, 0xff, 0xfc, 0xf, 0xff, 0xff, 0xf0,
    0x3f, 0xff, 0xff, 0xc0, 0xff, 0xff, 0xff, 0x3,
    0xff, 0xff, 0xfc, 0xf, 0xff, 0xff, 0xf0, 0x3f,
    0xff, 0xff, 0xc0, 0xff, 0xff, 0xff, 0x3, 0xff,
    0xff, 0xfc, 0xf, 0xff, 0xff, 0xf0, 0x3f, 0xff,
    0xff, 0xc0, 0xff, 0xf0,

    /* U+0023 "#" */
    0x3, 0xff, 0xc0, 0xff, 0xf0, 0x0, 0xff, 0xf0,
    0x3f, 0xfc, 0x0, 0x3f, 0xfc, 0xf, 0xff, 0x0,
    0xf, 0xff, 0x3, 0xff, 0xc0, 0x3, 0xff, 0xc0,
    0xff, 0xf0, 0x0, 0xff, 0xf0, 0x3f, 0xfc, 0xf,
    0xff, 0xff, 0xff, 0xff, 0xff, 0xff, 0xff, 0xff,
    0xff, 0xff, 0xff, 0xff, 0xff, 0xff, 0xff, 0xff,
    0xff, 0xff, 0xff, 0xff, 0xff, 0xff, 0xff, 0xff,
    0xff, 0xff, 0xff, 0xff, 0xff, 0xff, 0xff, 0x3,
    0xff, 0xc0, 0xff, 0xf0, 0x0, 0xff, 0xf0, 0x3f,
    0xfc, 0x0, 0x3f, 0xfc, 0xf, 0xff, 0x0, 0xf,
    0xff, 0x3, 0xff, 0xc0, 0x3, 0xff, 0xc0, 0xff,
    0xf0, 0x0, 0xff, 0xf0, 0x3f, 0xfc, 0x0, 0x3f,
    0xfc, 0xf, 0xff, 0x0, 0xf, 0xff, 0x3, 0xff,
    0xc0, 0x3, 0xff, 0xc0, 0xff, 0xf0, 0x0, 0xff,
    0xf0, 0x3f, 0xfc, 0x0, 0x3f, 0xfc, 0xf, 0xff,
    0x0, 0xf, 0xff, 0x3, 0xff, 0xc0, 0x3, 0xff,
    0xc0, 0xff, 0xf0, 0x0, 0xff, 0xf0, 0x3f, 0xfc,
    0x0, 0x3f, 0xfc, 0xf, 0xff, 0x0, 0xf, 0xff,
    0x3, 0xff, 0xc0, 0x3, 0xff, 0xc0, 0xff, 0xf0,
    0x0, 0xff, 0xf0, 0x3f, 0xfc, 0xf, 0xff, 0xff,
    0xff, 0xff, 0xff, 0xff, 0xff, 0xff, 0xff, 0xff,
    0xff, 0xff, 0xff, 0xff, 0xff, 0xff, 0xff, 0xff,
    0xff, 0xff, 0xff, 0xff, 0xff, 0xff, 0xff, 0xff,
    0xff, 0xff, 0xff, 0xff, 0xff, 0x3, 0xff, 0xc0,
    0xff, 0xf0, 0x0, 0xff, 0xf0, 0x3f, 0xfc, 0x0,
    0x3f, 0xfc, 0xf, 0xff, 0x0, 0xf, 0xff, 0x3,
    0xff, 0xc0, 0x3, 0xff, 0xc0, 0xff, 0xf0, 0x0,
    0xff, 0xf0, 0x3f, 0xfc, 0x0,

    /* U+0024 "$" */
    0x0, 0x0, 0x3f, 0x0, 0x0, 0x0, 0x0, 0xf,
    0xc0, 0x0, 0x0, 0x0, 0x3, 0xf0, 0x0, 0x0,
    0x0, 0x0, 0xfc, 0x0, 0x0, 0x0, 0x0, 0x3f,
    0x0, 0x0, 0x0, 0x0, 0xf, 0xc0, 0x0, 0x0,
    0x3f, 0xff, 0xff, 0xff, 0x0, 0xf, 0xff, 0xff,
    0xff, 0xc0, 0x3, 0xff, 0xff, 0xff, 0xf0, 0x0,
    0xff, 0xff, 0xff, 0xfc, 0x0, 0x3f, 0xff, 0xff,
    0xff, 0x0, 0xf, 0xff, 0xff, 0xff, 0xc0, 0xff,
    0xf0, 0x3f, 0x0, 0x0, 0x3f, 0xfc, 0xf, 0xc0,
    0x0, 0xf, 0xff, 0x3, 0xf0, 0x0, 0x3, 0xff,
    0xc0, 0xfc, 0x0, 0x0, 0xff, 0xf0, 0x3f, 0x0,
    0x0, 0x3f, 0xfc, 0xf, 0xc0, 0x0, 0x0, 0x3f,
    0xff, 0xff, 0xff, 0x0, 0xf, 0xff, 0xff, 0xff,
    0xc0, 0x3, 0xff, 0xff, 0xff, 0xf0, 0x0, 0xff,
    0xff, 0xff, 0xfc, 0x0, 0x3f, 0xff, 0xff, 0xff,
    0x0, 0xf, 0xff, 0xff, 0xff, 0xc0, 0x0, 0x0,
    0x3f, 0x3, 0xff, 0xc0, 0x0, 0xf, 0xc0, 0xff,
    0xf0, 0x0, 0x3, 0xf0, 0x3f, 0xfc, 0x0, 0x0,
    0xfc, 0xf, 0xff, 0x0, 0x0, 0x3f, 0x3, 0xff,
    0xc0, 0x0, 0xf, 0xc0, 0xff, 0xff, 0xff, 0xff,
    0xff, 0xff, 0x3, 0xff, 0xff, 0xff, 0xff, 0xc0,
    0xff, 0xff, 0xff, 0xff, 0xf0, 0x3f, 0xff, 0xff,
    0xff, 0xfc, 0xf, 0xff, 0xff, 0xff, 0xff, 0x3,
    0xff, 0xff, 0xff, 0xff, 0xc0, 0x0, 0x0, 0x3f,
    0x0, 0x0, 0x0, 0x0, 0xf, 0xc0, 0x0, 0x0,
    0x0, 0x3, 0xf0, 0x0, 0x0, 0x0, 0x0, 0xfc,
    0x0, 0x0, 0x0, 0x0, 0x3f, 0x0, 0x0, 0x0,
    0x0, 0xf, 0xc0, 0x0, 0x0,

    /* U+0025 "%" */
    0x3, 0xff, 0xc0, 0x0, 0xf, 0xc0, 0xff, 0xf0,
    0x0, 0x3, 0xf0, 0x3f, 0xfc, 0x0, 0x0, 0xfc,
    0xf, 0xff, 0x0, 0x0, 0x3f, 0x3, 0xff, 0xc0,
    0x0, 0xf, 0xc0, 0xff, 0xf0, 0x0, 0x3, 0xff,
    0xc0, 0xfc, 0x0, 0x3f, 0x3, 0xf0, 0x3f, 0x0,
    0xf, 0xc0, 0xfc, 0xf, 0xc0, 0x3, 0xf0, 0x3f,
    0x3, 0xf0, 0x0, 0xfc, 0xf, 0xc0, 0xfc, 0x0,
    0x3f, 0x3, 0xf0, 0x3f, 0x0, 0xf, 0xc0, 0xff,
    0xf0, 0x0, 0xfc, 0x0, 0x3f, 0xfc, 0x0, 0x3f,
    0x0, 0xf, 0xff, 0x0, 0xf, 0xc0, 0x3, 0xff,
    0xc0, 0x3, 0xf0, 0x0, 0xff, 0xf0, 0x0, 0xfc,
    0x0, 0x3f, 0xfc, 0x0, 0x3f, 0x0, 0x0, 0x0,
    0x3, 0xf0, 0x0, 0x0, 0x0, 0x0, 0xfc, 0x0,
    0x0, 0x0, 0x0, 0x3f, 0x0, 0x0, 0x0, 0x0,
    0xf, 0xc0, 0x0, 0x0, 0x0, 0x3, 0xf0, 0x0,
    0x0, 0x0, 0x0, 0xfc, 0x0, 0x0, 0x0, 0xf,
    0xc0, 0x3, 0xff, 0xc0, 0x3, 0xf0, 0x0, 0xff,
    0xf0, 0x0, 0xfc, 0x0, 0x3f, 0xfc, 0x0, 0x3f,
    0x0, 0xf, 0xff, 0x0, 0xf, 0xc0, 0x3, 0xff,
    0xc0, 0x3, 0xf0, 0x0, 0xff, 0xf0, 0x3f, 0x0,
    0xf, 0xc0, 0xfc, 0xf, 0xc0, 0x3, 0xf0, 0x3f,
    0x3, 0xf0, 0x0, 0xfc, 0xf, 0xc0, 0xfc, 0x0,
    0x3f, 0x3, 0xf0, 0x3f, 0x0, 0xf, 0xc0, 0xfc,
    0xf, 0xc0, 0x3, 0xf0, 0x3f, 0xfc, 0x0, 0x0,
    0xff, 0xf0, 0x3f, 0x0, 0x0, 0x3f, 0xfc, 0xf,
    0xc0, 0x0, 0xf, 0xff, 0x3, 0xf0, 0x0, 0x3,
    0xff, 0xc0, 0xfc, 0x0, 0x0, 0xff, 0xf0, 0x3f,
    0x0, 0x0, 0x3f, 0xfc, 0x0,

    /* U+0026 "&" */
    0x3, 0xff, 0xff, 0x0, 0x0, 0x0, 0xff, 0xff,
    0xc0, 0x0, 0x0, 0x3f, 0xff, 0xf0, 0x0, 0x0,
    0xf, 0xff, 0xfc, 0x0, 0x0, 0x3, 0xff, 0xff,
    0x0, 0x0, 0x0, 0xff, 0xff, 0xc0, 0x0, 0xf,
    0xff, 0x3, 0xff, 0xc0, 0x3, 0xff, 0xc0, 0xff,
    0xf0, 0x0, 0xff, 0xf0, 0x3f, 0xfc, 0x0, 0x3f,
    0xfc, 0xf, 0xff, 0x0, 0xf, 0xff, 0x3, 0xff,
    0xc0, 0x3, 0xff, 0xc0, 0xff, 0xf0, 0x0, 0xff,
    0xf0, 0x3f, 0xfc, 0x0, 0x3f, 0xfc, 0xf, 0xff,
    0x0, 0xf, 0xff, 0x3, 0xff, 0xc0, 0x3, 0xff,
    0xc0, 0xff, 0xf0, 0x0, 0xff, 0xf0, 0x3f, 0xfc,
    0x0, 0x3f, 0xfc, 0xf, 0xff, 0x0, 0x0, 0x3f,
    0xff, 0xf0, 0x0, 0x0, 0xf, 0xff, 0xfc, 0x0,
    0x0, 0x3, 0xff, 0xff, 0x0, 0x0, 0x0, 0xff,
    0xff, 0xc0, 0x0, 0x0, 0x3f, 0xff, 0xf0, 0x0,
    0x0, 0xf, 0xff, 0xfc, 0x0, 0x0, 0xff, 0xf0,
    0x3f, 0xfc, 0xf, 0xff, 0xfc, 0xf, 0xff, 0x3,
    0xff, 0xff, 0x3, 0xff, 0xc0, 0xff, 0xff, 0xc0,
    0xff, 0xf0, 0x3f, 0xff, 0xf0, 0x3f, 0xfc, 0xf,
    0xff, 0xfc, 0xf, 0xff, 0x3, 0xff, 0xff, 0x0,
    0xf, 0xff, 0x3, 0xff, 0xc0, 0x3, 0xff, 0xc0,
    0xff, 0xf0, 0x0, 0xff, 0xf0, 0x3f, 0xfc, 0x0,
    0x3f, 0xfc, 0xf, 0xff, 0x0, 0xf, 0xff, 0x3,
    0xff, 0xc0, 0x3, 0xff, 0xc0, 0x3, 0xff, 0xff,
    0xff, 0xff, 0xc0, 0xff, 0xff, 0xff, 0xff, 0xf0,
    0x3f, 0xff, 0xff, 0xff, 0xfc, 0xf, 0xff, 0xff,
    0xff, 0xff, 0x3, 0xff, 0xff, 0xff, 0xff, 0xc0,
    0xff, 0xff, 0xff, 0xff, 0xf0,

    /* U+0027 "'" */
    0xff, 0xff, 0xff, 0xff, 0xff, 0xff, 0xff, 0xff,
    0xff, 0xff, 0xff, 0xff, 0xff, 0xff, 0xff, 0xff,
    0xff, 0xff, 0xff, 0xff, 0xff, 0xff, 0xff, 0xff,
    0xff, 0xff, 0xff,

    /* U+0028 "(" */
    0x0, 0xf, 0xff, 0x0, 0xf, 0xff, 0x0, 0xf,
    0xff, 0x0, 0xf, 0xff, 0x0, 0xf, 0xff, 0x0,
    0xf, 0xff, 0x3, 0xff, 0xc0, 0x3, 0xff, 0xc0,
    0x3, 0xff, 0xc0, 0x3, 0xff, 0xc0, 0x3, 0xff,
    0xc0, 0x3, 0xff, 0xc0, 0xff, 0xf0, 0x0, 0xff,
    0xf0, 0x0, 0xff, 0xf0, 0x0, 0xff, 0xf0, 0x0,
    0xff, 0xf0, 0x0, 0xff, 0xf0, 0x0, 0xff, 0xf0,
    0x0, 0xff, 0xf0, 0x0, 0xff, 0xf0, 0x0, 0xff,
    0xf0, 0x0, 0xff, 0xf0, 0x0, 0xff, 0xf0, 0x0,
    0xff, 0xf0, 0x0, 0xff, 0xf0, 0x0, 0xff, 0xf0,
    0x0, 0xff, 0xf0, 0x0, 0xff, 0xf0, 0x0, 0xff,
    0xf0, 0x0, 0x3, 0xff, 0xc0, 0x3, 0xff, 0xc0,
    0x3, 0xff, 0xc0, 0x3, 0xff, 0xc0, 0x3, 0xff,
    0xc0, 0x3, 0xff, 0xc0, 0x0, 0xf, 0xff, 0x0,
    0xf, 0xff, 0x0, 0xf, 0xff, 0x0, 0xf, 0xff,
    0x0, 0xf, 0xff, 0x0, 0xf, 0xff,

    /* U+0029 ")" */
    0xff, 0xf0, 0x0, 0xff, 0xf0, 0x0, 0xff, 0xf0,
    0x0, 0xff, 0xf0, 0x0, 0xff, 0xf0, 0x0, 0xff,
    0xf0, 0x0, 0x3, 0xff, 0xc0, 0x3, 0xff, 0xc0,
    0x3, 0xff, 0xc0, 0x3, 0xff, 0xc0, 0x3, 0xff,
    0xc0, 0x3, 0xff, 0xc0, 0x0, 0xf, 0xff, 0x0,
    0xf, 0xff, 0x0, 0xf, 0xff, 0x0, 0xf, 0xff,
    0x0, 0xf, 0xff, 0x0, 0xf, 0xff, 0x0, 0xf,
    0xff, 0x0, 0xf, 0xff, 0x0, 0xf, 0xff, 0x0,
    0xf, 0xff, 0x0, 0xf, 0xff, 0x0, 0xf, 0xff,
    0x0, 0xf, 0xff, 0x0, 0xf, 0xff, 0x0, 0xf,
    0xff, 0x0, 0xf, 0xff, 0x0, 0xf, 0xff, 0x0,
    0xf, 0xff, 0x3, 0xff, 0xc0, 0x3, 0xff, 0xc0,
    0x3, 0xff, 0xc0, 0x3, 0xff, 0xc0, 0x3, 0xff,
    0xc0, 0x3, 0xff, 0xc0, 0xff, 0xf0, 0x0, 0xff,
    0xf0, 0x0, 0xff, 0xf0, 0x0, 0xff, 0xf0, 0x0,
    0xff, 0xf0, 0x0, 0xff, 0xf0, 0x0,

    /* U+002A "*" */
    0x3, 0xff, 0xc0, 0xff, 0xf0, 0x0, 0xff, 0xf0,
    0x3f, 0xfc, 0x0, 0x3f, 0xfc, 0xf, 0xff, 0x0,
    0xf, 0xff, 0x3, 0xff, 0xc0, 0x3, 0xff, 0xc0,
    0xff, 0xf0, 0x0, 0xff, 0xf0, 0x3f, 0xfc, 0x0,
    0x0, 0xff, 0xff, 0xc0, 0x0, 0x0, 0x3f, 0xff,
    0xf0, 0x0, 0x0, 0xf, 0xff, 0xfc, 0x0, 0x0,
    0x3, 0xff, 0xff, 0x0, 0x0, 0x0, 0xff, 0xff,
    0xc0, 0x0, 0x0, 0x3f, 0xff, 0xf0, 0x0, 0xff,
    0xff, 0xff, 0xff, 0xff, 0xff, 0xff, 0xff, 0xff,
    0xff, 0xff, 0xff, 0xff, 0xff, 0xff, 0xff, 0xff,
    0xff, 0xff, 0xff, 0xff, 0xff, 0xff, 0xff, 0xff,
    0xff, 0xff, 0xff, 0xff, 0xff, 0xff, 0xf0, 0x0,
    0xff, 0xff, 0xc0, 0x0, 0x0, 0x3f, 0xff, 0xf0,
    0x0, 0x0, 0xf, 0xff, 0xfc, 0x0, 0x0, 0x3,
    0xff, 0xff, 0x0, 0x0, 0x0, 0xff, 0xff, 0xc0,
    0x0, 0x0, 0x3f, 0xff, 0xf0, 0x0, 0x3, 0xff,
    0xc0, 0xff, 0xf0, 0x0, 0xff, 0xf0, 0x3f, 0xfc,
    0x0, 0x3f, 0xfc, 0xf, 0xff, 0x0, 0xf, 0xff,
    0x3, 0xff, 0xc0, 0x3, 0xff, 0xc0, 0xff, 0xf0,
    0x0, 0xff, 0xf0, 0x3f, 0xfc, 0x0,

    /* U+002B "+" */
    0x0, 0xf, 0xff, 0x0, 0x0, 0x0, 0xff, 0xf0,
    0x0, 0x0, 0xf, 0xff, 0x0, 0x0, 0x0, 0xff,
    0xf0, 0x0, 0x0, 0xf, 0xff, 0x0, 0x0, 0x0,
    0xff, 0xf0, 0x0, 0x0, 0xf, 0xff, 0x0, 0x0,
    0x0, 0xff, 0xf0, 0x0, 0x0, 0xf, 0xff, 0x0,
    0x0, 0x0, 0xff, 0xf0, 0x0, 0x0, 0xf, 0xff,
    0x0, 0x0, 0x0, 0xff, 0xf0, 0x0, 0xff, 0xff,
    0xff, 0xff, 0xff, 0xff, 0xff, 0xff, 0xff, 0xff,
    0xff, 0xff, 0xff, 0xff, 0xff, 0xff, 0xff, 0xff,
    0xff, 0xff, 0xff, 0xff, 0xff, 0xff, 0xff, 0xff,
    0xff, 0x0, 0xf, 0xff, 0x0, 0x0, 0x0, 0xff,
    0xf0, 0x0, 0x0, 0xf, 0xff, 0x0, 0x0, 0x0,
    0xff, 0xf0, 0x0, 0x0, 0xf, 0xff, 0x0, 0x0,
    0x0, 0xff, 0xf0, 0x0, 0x0, 0xf, 0xff, 0x0,
    0x0, 0x0, 0xff, 0xf0, 0x0, 0x0, 0xf, 0xff,
    0x0, 0x0, 0x0, 0xff, 0xf0, 0x0, 0x0, 0xf,
    0xff, 0x0, 0x0, 0x0, 0xff, 0xf0, 0x0,

    /* U+002C "," */
    0x3, 0xff, 0xc0, 0xff, 0xf0, 0x3f, 0xfc, 0xf,
    0xff, 0x3, 0xff, 0xc0, 0xff, 0xf0, 0x3f, 0xfc,
    0xf, 0xff, 0x3, 0xff, 0xc0, 0xff, 0xf0, 0x3f,
    0xfc, 0xf, 0xff, 0xff, 0xf0, 0x3f, 0xfc, 0xf,
    0xff, 0x3, 0xff, 0xc0, 0xff, 0xf0, 0x3f, 0xfc,
    0x0,

    /* U+002D "-" */
    0xff, 0xff, 0xff, 0xff, 0xff, 0xff, 0xff, 0xff,
    0xff, 0xff, 0xff, 0xff, 0xff, 0xff, 0xff, 0xff,
    0xff, 0xff, 0xff, 0xff, 0xff, 0xff, 0xff, 0xff,
    0xff, 0xff, 0xff,

    /* U+002E "." */
    0xff, 0xff, 0xff, 0xff, 0xff, 0xff, 0xff, 0xff,
    0xff, 0xff, 0xff, 0xff, 0xff, 0xff, 0xff, 0xff,
    0xff, 0xff,

    /* U+002F "/" */
    0x0, 0x0, 0x0, 0x0, 0xf, 0xc0, 0x0, 0x0,
    0x0, 0x3, 0xf0, 0x0, 0x0, 0x0, 0x0, 0xfc,
    0x0, 0x0, 0x0, 0x0, 0x3f, 0x0, 0x0, 0x0,
    0x0, 0xf, 0xc0, 0x0, 0x0, 0x0, 0x3, 0xf0,
    0x0, 0x0, 0x0, 0x3f, 0x0, 0x0, 0x0, 0x0,
    0xf, 0xc0, 0x0, 0x0, 0x0, 0x3, 0xf0, 0x0,
    0x0, 0x0, 0x0, 0xfc, 0x0, 0x0, 0x0, 0x0,
    0x3f, 0x0, 0x0, 0x0, 0x0, 0xf, 0xc0, 0x0,
    0x0, 0x0, 0xfc, 0x0, 0x0, 0x0, 0x0, 0x3f,
    0x0, 0x0, 0x0, 0x0, 0xf, 0xc0, 0x0, 0x0,
    0x0, 0x3, 0xf0, 0x0, 0x0, 0x0, 0x0, 0xfc,
    0x0, 0x0, 0x0, 0x0, 0x3f, 0x0, 0x0, 0x0,
    0x3, 0xf0, 0x0, 0x0, 0x0, 0x0, 0xfc, 0x0,
    0x0, 0x0, 0x0, 0x3f, 0x0, 0x0, 0x0, 0x0,
    0xf, 0xc0, 0x0, 0x0, 0x0, 0x3, 0xf0, 0x0,
    0x0, 0x0, 0x0, 0xfc, 0x0, 0x0, 0x0, 0xf,
    0xc0, 0x0, 0x0, 0x0, 0x3, 0xf0, 0x0, 0x0,
    0x0, 0x0, 0xfc, 0x0, 0x0, 0x0, 0x0, 0x3f,
    0x0, 0x0, 0x0, 0x0, 0xf, 0xc0, 0x0, 0x0,
    0x0, 0x3, 0xf0, 0x0, 0x0, 0x0, 0x3f, 0x0,
    0x0, 0x0, 0x0, 0xf, 0xc0, 0x0, 0x0, 0x0,
    0x3, 0xf0, 0x0, 0x0, 0x0, 0x0, 0xfc, 0x0,
    0x0, 0x0, 0x0, 0x3f, 0x0, 0x0, 0x0, 0x0,
    0xf, 0xc0, 0x0, 0x0, 0x0, 0xfc, 0x0, 0x0,
    0x0, 0x0, 0x3f, 0x0, 0x0, 0x0, 0x0, 0xf,
    0xc0, 0x0, 0x0, 0x0, 0x3, 0xf0, 0x0, 0x0,
    0x0, 0x0, 0xfc, 0x0, 0x0, 0x0, 0x0, 0x3f,
    0x0, 0x0, 0x0, 0x0, 0x0,

    /* U+0030 "0" */
    0x0, 0xf, 0xff, 0xfc, 0x0, 0x0, 0x3, 0xff,
    0xff, 0x0, 0x0, 0x0, 0xff, 0xff, 0xc0, 0x0,
    0x0, 0x3f, 0xff, 0xf0, 0x0, 0x0, 0xf, 0xff,
    0xfc, 0x0, 0x0, 0x3, 0xff, 0xff, 0x0, 0x0,
    0x3f, 0x0, 0xf, 0xff, 0x0, 0xf, 0xc0, 0x3,
    0xff, 0xc0, 0x3, 0xf0, 0x0, 0xff, 0xf0, 0x0,
    0xfc, 0x0, 0x3f, 0xfc, 0x0, 0x3f, 0x0, 0xf,
    0xff, 0x0, 0xf, 0xc0, 0x3, 0xff, 0xc0, 0xff,
    0xf0, 0x0, 0x3, 0xff, 0xff, 0xfc, 0x0, 0x0,
    0xff, 0xff, 0xff, 0x0, 0x0, 0x3f, 0xff, 0xff,
    0xc0, 0x0, 0xf, 0xff, 0xff, 0xf0, 0x0, 0x3,
    0xff, 0xff, 0xfc, 0x0, 0x0, 0xff, 0xff, 0xff,
    0x0, 0x0, 0x3f, 0xff, 0xff, 0xc0, 0x0, 0xf,
    0xff, 0xff, 0xf0, 0x0, 0x3, 0xff, 0xff, 0xfc,
    0x0, 0x0, 0xff, 0xff, 0xff, 0x0, 0x0, 0x3f,
    0xff, 0xff, 0xc0, 0x0, 0xf, 0xff, 0xff, 0xf0,
    0x0, 0x3, 0xff, 0xff, 0xfc, 0x0, 0x0, 0xff,
    0xff, 0xff, 0x0, 0x0, 0x3f, 0xff, 0xff, 0xc0,
    0x0, 0xf, 0xff, 0xff, 0xf0, 0x0, 0x3, 0xff,
    0xff, 0xfc, 0x0, 0x0, 0xff, 0xf0, 0x3f, 0xfc,
    0x0, 0x3f, 0x0, 0xf, 0xff, 0x0, 0xf, 0xc0,
    0x3, 0xff, 0xc0, 0x3, 0xf0, 0x0, 0xff, 0xf0,
    0x0, 0xfc, 0x0, 0x3f, 0xfc, 0x0, 0x3f, 0x0,
    0xf, 0xff, 0x0, 0xf, 0xc0, 0x0, 0xf, 0xff,
    0xfc, 0x0, 0x0, 0x3, 0xff, 0xff, 0x0, 0x0,
    0x0, 0xff, 0xff, 0xc0, 0x0, 0x0, 0x3f, 0xff,
    0xf0, 0x0, 0x0, 0xf, 0xff, 0xfc, 0x0, 0x0,
    0x3, 0xff, 0xff, 0x0, 0x0,

    /* U+0031 "1" */
    0x0, 0xf, 0xff, 0x0, 0x0, 0x0, 0xff, 0xf0,
    0x0, 0x0, 0xf, 0xff, 0x0, 0x0, 0x0, 0xff,
    0xf0, 0x0, 0x0, 0xf, 0xff, 0x0, 0x0, 0x0,
    0xff, 0xf0, 0x0, 0x3, 0xff, 0xff, 0x0, 0x0,
    0x3f, 0xff, 0xf0, 0x0, 0x3, 0xff, 0xff, 0x0,
    0x0, 0x3f, 0xff, 0xf0, 0x0, 0x3, 0xff, 0xff,
    0x0, 0x0, 0x3f, 0xff, 0xf0, 0x0, 0x0, 0xf,
    0xff, 0x0, 0x0, 0x0, 0xff, 0xf0, 0x0, 0x0,
    0xf, 0xff, 0x0, 0x0, 0x0, 0xff, 0xf0, 0x0,
    0x0, 0xf, 0xff, 0x0, 0x0, 0x0, 0xff, 0xf0,
    0x0, 0x0, 0xf, 0xff, 0x0, 0x0, 0x0, 0xff,
    0xf0, 0x0, 0x0, 0xf, 0xff, 0x0, 0x0, 0x0,
    0xff, 0xf0, 0x0, 0x0, 0xf, 0xff, 0x0, 0x0,
    0x0, 0xff, 0xf0, 0x0, 0x0, 0xf, 0xff, 0x0,
    0x0, 0x0, 0xff, 0xf0, 0x0, 0x0, 0xf, 0xff,
    0x0, 0x0, 0x0, 0xff, 0xf0, 0x0, 0x0, 0xf,
    0xff, 0x0, 0x0, 0x0, 0xff, 0xf0, 0x0, 0x0,
    0xf, 0xff, 0x0, 0x0, 0x0, 0xff, 0xf0, 0x0,
    0x0, 0xf, 0xff, 0x0, 0x0, 0x0, 0xff, 0xf0,
    0x0, 0x0, 0xf, 0xff, 0x0, 0x0, 0x0, 0xff,
    0xf0, 0x0, 0xff, 0xff, 0xff, 0xff, 0xff, 0xff,
    0xff, 0xff, 0xff, 0xff, 0xff, 0xff, 0xff, 0xff,
    0xff, 0xff, 0xff, 0xff, 0xff, 0xff, 0xff, 0xff,
    0xff, 0xff, 0xff, 0xff, 0xff,

    /* U+0032 "2" */
    0x3, 0xff, 0xff, 0xff, 0xf0, 0x0, 0xff, 0xff,
    0xff, 0xfc, 0x0, 0x3f, 0xff, 0xff, 0xff, 0x0,
    0xf, 0xff, 0xff, 0xff, 0xc0, 0x3, 0xff, 0xff,
    0xff, 0xf0, 0x0, 0xff, 0xff, 0xff, 0xfc, 0xf,
    0xff, 0x0, 0x0, 0x3f, 0xff, 0xff, 0xc0, 0x0,
    0xf, 0xff, 0xff, 0xf0, 0x0, 0x3, 0xff, 0xff,
    0xfc, 0x0, 0x0, 0xff, 0xff, 0xff, 0x0, 0x0,
    0x3f, 0xff, 0xff, 0xc0, 0x0, 0xf, 0xff, 0x0,
    0x0, 0x0, 0xff, 0xff, 0xc0, 0x0, 0x0, 0x3f,
    0xff, 0xf0, 0x0, 0x0, 0xf, 0xff, 0xfc, 0x0,
    0x0, 0x3, 0xff, 0xff, 0x0, 0x0, 0x0, 0xff,
    0xff, 0xc0, 0x0, 0x0, 0x3f, 0xff, 0xf0, 0x0,
    0xff, 0xff, 0xff, 0x0, 0x0, 0x3f, 0xff, 0xff,
    0xc0, 0x0, 0xf, 0xff, 0xff, 0xf0, 0x0, 0x3,
    0xff, 0xff, 0xfc, 0x0, 0x0, 0xff, 0xff, 0xff,
    0x0, 0x0, 0x3f, 0xff, 0xff, 0xc0, 0x3, 0xff,
    0xff, 0xfc, 0x0, 0x0, 0xff, 0xff, 0xff, 0x0,
    0x0, 0x3f, 0xff, 0xff, 0xc0, 0x0, 0xf, 0xff,
    0xff, 0xf0, 0x0, 0x3, 0xff, 0xff, 0xfc, 0x0,
    0x0, 0xff, 0xff, 0xff, 0x0, 0xf, 0xff, 0xfc,
    0x0, 0x0, 0x3, 0xff, 0xff, 0x0, 0x0, 0x0,
    0xff, 0xff, 0xc0, 0x0, 0x0, 0x3f, 0xff, 0xf0,
    0x0, 0x0, 0xf, 0xff, 0xfc, 0x0, 0x0, 0x3,
    0xff, 0xff, 0x0, 0x0, 0x0, 0xff, 0xff, 0xff,
    0xff, 0xff, 0xff, 0xff, 0xff, 0xff, 0xff, 0xff,
    0xff, 0xff, 0xff, 0xff, 0xff, 0xff, 0xff, 0xff,
    0xff, 0xff, 0xff, 0xff, 0xff, 0xff, 0xff, 0xff,
    0xff, 0xff, 0xff, 0xff, 0xf0,

    /* U+0033 "3" */
    0x3, 0xff, 0xff, 0xff, 0xff, 0xc0, 0xff, 0xff,
    0xff, 0xff, 0xf0, 0x3f, 0xff, 0xff, 0xff, 0xfc,
    0xf, 0xff, 0xff, 0xff, 0xff, 0x3, 0xff, 0xff,
    0xff, 0xff, 0xc0, 0xff, 0xff, 0xff, 0xff, 0xf0,
    0x0, 0x0, 0xf, 0xff, 0x0, 0x0, 0x0, 0x3,
    0xff, 0xc0, 0x0, 0x0, 0x0, 0xff, 0xf0, 0x0,
    0x0, 0x0, 0x3f, 0xfc, 0x0, 0x0, 0x0, 0xf,
    0xff, 0x0, 0x0, 0x0, 0x3, 0xff, 0xc0, 0x0,
    0x0, 0x3f, 0xfc, 0x0, 0x0, 0x0, 0xf, 0xff,
    0x0, 0x0, 0x0, 0x3, 0xff, 0xc0, 0x0, 0x0,
    0x0, 0xff, 0xf0, 0x0, 0x0, 0x0, 0x3f, 0xfc,
    0x0, 0x0, 0x0, 0xf, 0xff, 0x0, 0x0, 0x0,
    0xff, 0xff, 0xff, 0x0, 0x0, 0x3f, 0xff, 0xff,
    0xc0, 0x0, 0xf, 0xff, 0xff, 0xf0, 0x0, 0x3,
    0xff, 0xff, 0xfc, 0x0, 0x0, 0xff, 0xff, 0xff,
    0x0, 0x0, 0x3f, 0xff, 0xff, 0xc0, 0x0, 0x0,
    0x0, 0x3, 0xff, 0xc0, 0x0, 0x0, 0x0, 0xff,
    0xf0, 0x0, 0x0, 0x0, 0x3f, 0xfc, 0x0, 0x0,
    0x0, 0xf, 0xff, 0x0, 0x0, 0x0, 0x3, 0xff,
    0xc0, 0x0, 0x0, 0x0, 0xff, 0xff, 0xff, 0x0,
    0x0, 0x3f, 0xff, 0xff, 0xc0, 0x0, 0xf, 0xff,
    0xff, 0xf0, 0x0, 0x3, 0xff, 0xff, 0xfc, 0x0,
    0x0, 0xff, 0xff, 0xff, 0x0, 0x0, 0x3f, 0xff,
    0xff, 0xc0, 0x0, 0xf, 0xff, 0x3, 0xff, 0xff,
    0xff, 0xf0, 0x0, 0xff, 0xff, 0xff, 0xfc, 0x0,
    0x3f, 0xff, 0xff, 0xff, 0x0, 0xf, 0xff, 0xff,
    0xff, 0xc0, 0x3, 0xff, 0xff, 0xff, 0xf0, 0x0,
    0xff, 0xff, 0xff, 0xfc, 0x0,

    /* U+0034 "4" */
    0x0, 0x0, 0x3f, 0xff, 0xf0, 0x0, 0x0, 0xf,
    0xff, 0xfc, 0x0, 0x0, 0x3, 0xff, 0xff, 0x0,
    0x0, 0x0, 0xff, 0xff, 0xc0, 0x0, 0x0, 0x3f,
    0xff, 0xf0, 0x0, 0x0, 0xf, 0xff, 0xfc, 0x0,
    0x0, 0xff, 0xff, 0xff, 0x0, 0x0, 0x3f, 0xff,
    0xff, 0xc0, 0x0, 0xf, 0xff, 0xff, 0xf0, 0x0,
    0x3, 0xff, 0xff, 0xfc, 0x0, 0x0, 0xff, 0xff,
    0xff, 0x0, 0x0, 0x3f, 0xff, 0xff, 0xc0, 0x3,
    0xff, 0xc0, 0xff, 0xf0, 0x0, 0xff, 0xf0, 0x3f,
    0xfc, 0x0, 0x3f, 0xfc, 0xf, 0xff, 0x0, 0xf,
    0xff, 0x3, 0xff, 0xc0, 0x3, 0xff, 0xc0, 0xff,
    0xf0, 0x0, 0xff, 0xf0, 0x3f, 0xfc, 0xf, 0xff,
    0x0, 0xf, 0xff, 0x3, 0xff, 0xc0, 0x3, 0xff,
    0xc0, 0xff, 0xf0, 0x0, 0xff, 0xf0, 0x3f, 0xfc,
    0x0, 0x3f, 0xfc, 0xf, 0xff, 0x0, 0xf, 0xff,
    0x3, 0xff, 0xc0, 0x3, 0xff, 0xc0, 0xff, 0xff,
    0xff, 0xff, 0xff, 0xff, 0xff, 0xff, 0xff, 0xff,
    0xff, 0xff, 0xff, 0xff, 0xff, 0xff, 0xff, 0xff,
    0xff, 0xff, 0xff, 0xff, 0xff, 0xff, 0xff, 0xff,
    0xff, 0xff, 0xff, 0xff, 0xff, 0xf0, 0x0, 0x0,
    0xf, 0xff, 0x0, 0x0, 0x0, 0x3, 0xff, 0xc0,
    0x0, 0x0, 0x0, 0xff, 0xf0, 0x0, 0x0, 0x0,
    0x3f, 0xfc, 0x0, 0x0, 0x0, 0xf, 0xff, 0x0,
    0x0, 0x0, 0x3, 0xff, 0xc0, 0x0, 0x0, 0x0,
    0xff, 0xf0, 0x0, 0x0, 0x0, 0x3f, 0xfc, 0x0,
    0x0, 0x0, 0xf, 0xff, 0x0, 0x0, 0x0, 0x3,
    0xff, 0xc0, 0x0, 0x0, 0x0, 0xff, 0xf0, 0x0,
    0x0, 0x0, 0x3f, 0xfc, 0x0,

    /* U+0035 "5" */
    0xff, 0xff, 0xff, 0xff, 0xf0, 0x3f, 0xff, 0xff,
    0xff, 0xfc, 0xf, 0xff, 0xff, 0xff, 0xff, 0x3,
    0xff, 0xff, 0xff, 0xff, 0xc0, 0xff, 0xff, 0xff,
    0xff, 0xf0, 0x3f, 0xff, 0xff, 0xff, 0xfc, 0xf,
    0xff, 0x0, 0x0, 0x0, 0x3, 0xff, 0xc0, 0x0,
    0x0, 0x0, 0xff, 0xf0, 0x0, 0x0, 0x0, 0x3f,
    0xfc, 0x0, 0x0, 0x0, 0xf, 0xff, 0x0, 0x0,
    0x0, 0x3, 0xff, 0xc0, 0x0, 0x0, 0x0, 0xff,
    0xff, 0xff, 0xff, 0xf0, 0x3f, 0xff, 0xff, 0xff,
    0xfc, 0xf, 0xff, 0xff, 0xff, 0xff, 0x3, 0xff,
    0xff, 0xff, 0xff, 0xc0, 0xff, 0xff, 0xff, 0xff,
    0xf0, 0x3f, 0xff, 0xff, 0xff, 0xfc, 0x0, 0x0,
    0x0, 0x0, 0x3f, 0xfc, 0x0, 0x0, 0x0, 0xf,
    0xff, 0x0, 0x0, 0x0, 0x3, 0xff, 0xc0, 0x0,
    0x0, 0x0, 0xff, 0xf0, 0x0, 0x0, 0x0, 0x3f,
    0xfc, 0x0, 0x0, 0x0, 0xf, 0xff, 0x0, 0x0,
    0x0, 0x3, 0xff, 0xc0, 0x0, 0x0, 0x0, 0xff,
    0xf0, 0x0, 0x0, 0x0, 0x3f, 0xfc, 0x0, 0x0,
    0x0, 0xf, 0xff, 0x0, 0x0, 0x0, 0x3, 0xff,
    0xc0, 0x0, 0x0, 0x0, 0xff, 0xff, 0xff, 0x0,
    0x0, 0x3f, 0xff, 0xff, 0xc0, 0x0, 0xf, 0xff,
    0xff, 0xf0, 0x0, 0x3, 0xff, 0xff, 0xfc, 0x0,
    0x0, 0xff, 0xff, 0xff, 0x0, 0x0, 0x3f, 0xff,
    0xff, 0xc0, 0x0, 0xf, 0xff, 0x3, 0xff, 0xff,
    0xff, 0xf0, 0x0, 0xff, 0xff, 0xff, 0xfc, 0x0,
    0x3f, 0xff, 0xff, 0xff, 0x0, 0xf, 0xff, 0xff,
    0xff, 0xc0, 0x3, 0xff, 0xff, 0xff, 0xf0, 0x0,
    0xff, 0xff, 0xff, 0xfc, 0x0,

    /* U+0036 "6" */
    0x0, 0xf, 0xff, 0xff, 0xf0, 0x0, 0x3, 0xff,
    0xff, 0xfc, 0x0, 0x0, 0xff, 0xff, 0xff, 0x0,
    0x0, 0x3f, 0xff, 0xff, 0xc0, 0x0, 0xf, 0xff,
    0xff, 0xf0, 0x0, 0x3, 0xff, 0xff, 0xfc, 0x0,
    0x3f, 0xfc, 0x0, 0x0, 0x0, 0xf, 0xff, 0x0,
    0x0, 0x0, 0x3, 0xff, 0xc0, 0x0, 0x0, 0x0,
    0xff, 0xf0, 0x0, 0x0, 0x0, 0x3f, 0xfc, 0x0,
    0x0, 0x0, 0xf, 0xff, 0x0, 0x0, 0x0, 0xff,
    0xf0, 0x0, 0x0, 0x0, 0x3f, 0xfc, 0x0, 0x0,
    0x0, 0xf, 0xff, 0x0, 0x0, 0x0, 0x3, 0xff,
    0xc0, 0x0, 0x0, 0x0, 0xff, 0xf0, 0x0, 0x0,
    0x0, 0x3f, 0xfc, 0x0, 0x0, 0x0, 0xf, 0xff,
    0xff, 0xff, 0xff, 0x3, 0xff, 0xff, 0xff, 0xff,
    0xc0, 0xff, 0xff, 0xff, 0xff, 0xf0, 0x3f, 0xff,
    0xff, 0xff, 0xfc, 0xf, 0xff, 0xff, 0xff, 0xff,
    0x3, 0xff, 0xff, 0xff, 0xff, 0xc0, 0xff, 0xf0,
    0x0, 0x3, 0xff, 0xff, 0xfc, 0x0, 0x0, 0xff,
    0xff, 0xff, 0x0, 0x0, 0x3f, 0xff, 0xff, 0xc0,
    0x0, 0xf, 0xff, 0xff, 0xf0, 0x0, 0x3, 0xff,
    0xff, 0xfc, 0x0, 0x0, 0xff, 0xff, 0xff, 0x0,
    0x0, 0x3f, 0xff, 0xff, 0xc0, 0x0, 0xf, 0xff,
    0xff, 0xf0, 0x0, 0x3, 0xff, 0xff, 0xfc, 0x0,
    0x0, 0xff, 0xff, 0xff, 0x0, 0x0, 0x3f, 0xff,
    0xff, 0xc0, 0x0, 0xf, 0xff, 0x3, 0xff, 0xff,
    0xff, 0xf0, 0x0, 0xff, 0xff, 0xff, 0xfc, 0x0,
    0x3f, 0xff, 0xff, 0xff, 0x0, 0xf, 0xff, 0xff,
    0xff, 0xc0, 0x3, 0xff, 0xff, 0xff, 0xf0, 0x0,
    0xff, 0xff, 0xff, 0xfc, 0x0,

    /* U+0037 "7" */
    0xff, 0xff, 0xff, 0xff, 0xff, 0xff, 0xff, 0xff,
    0xff, 0xff, 0xff, 0xff, 0xff, 0xff, 0xff, 0xff,
    0xff, 0xff, 0xff, 0xff, 0xff, 0xff, 0xff, 0xff,
    0xff, 0xff, 0xff, 0xff, 0xff, 0xff, 0xff, 0xff,
    0xff, 0x0, 0x0, 0x3f, 0xff, 0xff, 0xc0, 0x0,
    0xf, 0xff, 0xff, 0xf0, 0x0, 0x3, 0xff, 0xff,
    0xfc, 0x0, 0x0, 0xff, 0xff, 0xff, 0x0, 0x0,
    0x3f, 0xff, 0xff, 0xc0, 0x0, 0xf, 0xff, 0x0,
    0x0, 0x0, 0xff, 0xf0, 0x0, 0x0, 0x0, 0x3f,
    0xfc, 0x0, 0x0, 0x0, 0xf, 0xff, 0x0, 0x0,
    0x0, 0x3, 0xff, 0xc0, 0x0, 0x0, 0x0, 0xff,
    0xf0, 0x0, 0x0, 0x0, 0x3f, 0xfc, 0x0, 0x0,
    0x3, 0xff, 0xc0, 0x0, 0x0, 0x0, 0xff, 0xf0,
    0x0, 0x0, 0x0, 0x3f, 0xfc, 0x0, 0x0, 0x0,
    0xf, 0xff, 0x0, 0x0, 0x0, 0x3, 0xff, 0xc0,
    0x0, 0x0, 0x0, 0xff, 0xf0, 0x0, 0x0, 0xf,
    0xff, 0x0, 0x0, 0x0, 0x3, 0xff, 0xc0, 0x0,
    0x0, 0x0, 0xff, 0xf0, 0x0, 0x0, 0x0, 0x3f,
    0xfc, 0x0, 0x0, 0x0, 0xf, 0xff, 0x0, 0x0,
    0x0, 0x3, 0xff, 0xc0, 0x0, 0x0, 0x0, 0xff,
    0xf0, 0x0, 0x0, 0x0, 0x3f, 0xfc, 0x0, 0x0,
    0x0, 0xf, 0xff, 0x0, 0x0, 0x0, 0x3, 0xff,
    0xc0, 0x0, 0x0, 0x0, 0xff, 0xf0, 0x0, 0x0,
    0x0, 0x3f, 0xfc, 0x0, 0x0, 0x0, 0xf, 0xff,
    0x0, 0x0, 0x0, 0x3, 0xff, 0xc0, 0x0, 0x0,
    0x0, 0xff, 0xf0, 0x0, 0x0, 0x0, 0x3f, 0xfc,
    0x0, 0x0, 0x0, 0xf, 0xff, 0x0, 0x0, 0x0,
    0x3, 0xff, 0xc0, 0x0, 0x0,

    /* U+0038 "8" */
    0x3, 0xff, 0xff, 0xfc, 0x0, 0x0, 0xff, 0xff,
    0xff, 0x0, 0x0, 0x3f, 0xff, 0xff, 0xc0, 0x0,
    0xf, 0xff, 0xff, 0xf0, 0x0, 0x3, 0xff, 0xff,
    0xfc, 0x0, 0x0, 0xff, 0xff, 0xff, 0x0, 0xf,
    0xff, 0x0, 0x0, 0x3f, 0x3, 0xff, 0xc0, 0x0,
    0xf, 0xc0, 0xff, 0xf0, 0x0, 0x3, 0xf0, 0x3f,
    0xfc, 0x0, 0x0, 0xfc, 0xf, 0xff, 0x0, 0x0,
    0x3f, 0x3, 0xff, 0xc0, 0x0, 0xf, 0xc0, 0xff,
    0xff, 0xc0, 0x3, 0xf0, 0x3f, 0xff, 0xf0, 0x0,
    0xfc, 0xf, 0xff, 0xfc, 0x0, 0x3f, 0x3, 0xff,
    0xff, 0x0, 0xf, 0xc0, 0xff, 0xff, 0xc0, 0x3,
    0xf0, 0x3f, 0xff, 0xf0, 0x0, 0xfc, 0x0, 0x3f,
    0xff, 0xff, 0xc0, 0x0, 0xf, 0xff, 0xff, 0xf0,
    0x0, 0x3, 0xff, 0xff, 0xfc, 0x0, 0x0, 0xff,
    0xff, 0xff, 0x0, 0x0, 0x3f, 0xff, 0xff, 0xc0,
    0x0, 0xf, 0xff, 0xff, 0xf0, 0x0, 0xfc, 0x0,
    0x3f, 0xff, 0xff, 0xff, 0x0, 0xf, 0xff, 0xff,
    0xff, 0xc0, 0x3, 0xff, 0xff, 0xff, 0xf0, 0x0,
    0xff, 0xff, 0xff, 0xfc, 0x0, 0x3f, 0xff, 0xff,
    0xff, 0x0, 0xf, 0xff, 0xff, 0xff, 0xc0, 0x0,
    0x0, 0x3f, 0xff, 0xf0, 0x0, 0x0, 0xf, 0xff,
    0xfc, 0x0, 0x0, 0x3, 0xff, 0xff, 0x0, 0x0,
    0x0, 0xff, 0xff, 0xc0, 0x0, 0x0, 0x3f, 0xff,
    0xf0, 0x0, 0x0, 0xf, 0xff, 0x3, 0xff, 0xff,
    0xff, 0xf0, 0x0, 0xff, 0xff, 0xff, 0xfc, 0x0,
    0x3f, 0xff, 0xff, 0xff, 0x0, 0xf, 0xff, 0xff,
    0xff, 0xc0, 0x3, 0xff, 0xff, 0xff, 0xf0, 0x0,
    0xff, 0xff, 0xff, 0xfc, 0x0,

    /* U+0039 "9" */
    0x3, 0xff, 0xff, 0xff, 0xf0, 0x0, 0xff, 0xff,
    0xff, 0xfc, 0x0, 0x3f, 0xff, 0xff, 0xff, 0x0,
    0xf, 0xff, 0xff, 0xff, 0xc0, 0x3, 0xff, 0xff,
    0xff, 0xf0, 0x0, 0xff, 0xff, 0xff, 0xfc, 0xf,
    0xff, 0x0, 0x0, 0x3f, 0xff, 0xff, 0xc0, 0x0,
    0xf, 0xff, 0xff, 0xf0, 0x0, 0x3, 0xff, 0xff,
    0xfc, 0x0, 0x0, 0xff, 0xff, 0xff, 0x0, 0x0,
    0x3f, 0xff, 0xff, 0xc0, 0x0, 0xf, 0xff, 0xff,
    0xf0, 0x0, 0x3, 0xff, 0xff, 0xfc, 0x0, 0x0,
    0xff, 0xff, 0xff, 0x0, 0x0, 0x3f, 0xff, 0xff,
    0xc0, 0x0, 0xf, 0xff, 0xff, 0xf0, 0x0, 0x3,
    0xff, 0xff, 0xfc, 0x0, 0x0, 0xff, 0xf0, 0x3f,
    0xff, 0xff, 0xff, 0xfc, 0xf, 0xff, 0xff, 0xff,
    0xff, 0x3, 0xff, 0xff, 0xff, 0xff, 0xc0, 0xff,
    0xff, 0xff, 0xff, 0xf0, 0x3f, 0xff, 0xff, 0xff,
    0xfc, 0xf, 0xff, 0xff, 0xff, 0xff, 0x0, 0x0,
    0x0, 0x3, 0xff, 0xc0, 0x0, 0x0, 0x0, 0xff,
    0xf0, 0x0, 0x0, 0x0, 0x3f, 0xfc, 0x0, 0x0,
    0x0, 0xf, 0xff, 0x0, 0x0, 0x0, 0x3, 0xff,
    0xc0, 0x0, 0x0, 0x0, 0xff, 0xf0, 0x0, 0x0,
    0xf, 0xff, 0x0, 0x0, 0x0, 0x3, 0xff, 0xc0,
    0x0, 0x0, 0x0, 0xff, 0xf0, 0x0, 0x0, 0x0,
    0x3f, 0xfc, 0x0, 0x0, 0x0, 0xf, 0xff, 0x0,
    0x0, 0x0, 0x3, 0xff, 0xc0, 0x3, 0xff, 0xff,
    0xfc, 0x0, 0x0, 0xff, 0xff, 0xff, 0x0, 0x0,
    0x3f, 0xff, 0xff, 0xc0, 0x0, 0xf, 0xff, 0xff,
    0xf0, 0x0, 0x3, 0xff, 0xff, 0xfc, 0x0, 0x0,
    0xff, 0xff, 0xff, 0x0, 0x0,

    /* U+003A ":" */
    0xff, 0xff, 0xff, 0xff, 0xff, 0xff, 0xff, 0xff,
    0xff, 0xff, 0xff, 0xff, 0xff, 0xff, 0xff, 0xff,
    0xff, 0xff, 0x0, 0x0, 0x0, 0x0, 0x0, 0x0,
    0x0, 0x0, 0x0, 0xff, 0xff, 0xff, 0xff, 0xff,
    0xff, 0xff, 0xff, 0xff, 0xff, 0xff, 0xff, 0xff,
    0xff, 0xff, 0xff, 0xff, 0xff,

    /* U+003B ";" */
    0x3, 0xff, 0xc0, 0xff, 0xf0, 0x3f, 0xfc, 0xf,
    0xff, 0x3, 0xff, 0xc0, 0xff, 0xf0, 0x3f, 0xfc,
    0xf, 0xff, 0x3, 0xff, 0xc0, 0xff, 0xf0, 0x3f,
    0xfc, 0xf, 0xff, 0x0, 0x0, 0x0, 0x0, 0x0,
    0x0, 0x0, 0x0, 0x0, 0x0, 0x0, 0x0, 0x0,
    0x0, 0x3f, 0xfc, 0xf, 0xff, 0x3, 0xff, 0xc0,
    0xff, 0xf0, 0x3f, 0xfc, 0xf, 0xff, 0x3, 0xff,
    0xc0, 0xff, 0xf0, 0x3f, 0xfc, 0xf, 0xff, 0x3,
    0xff, 0xc0, 0xff, 0xff, 0xff, 0x3, 0xff, 0xc0,
    0xff, 0xf0, 0x3f, 0xfc, 0xf, 0xff, 0x3, 0xff,
    0xc0,

    /* U+003C "<" */
    0x0, 0x0, 0x3f, 0xfc, 0x0, 0x0, 0xff, 0xf0,
    0x0, 0x3, 0xff, 0xc0, 0x0, 0xf, 0xff, 0x0,
    0x0, 0x3f, 0xfc, 0x0, 0x0, 0xff, 0xf0, 0x0,
    0xff, 0xf0, 0x0, 0x3, 0xff, 0xc0, 0x0, 0xf,
    0xff, 0x0, 0x0, 0x3f, 0xfc, 0x0, 0x0, 0xff,
    0xf0, 0x0, 0x3, 0xff, 0xc0, 0x3, 0xff, 0xc0,
    0x0, 0xf, 0xff, 0x0, 0x0, 0x3f, 0xfc, 0x0,
    0x0, 0xff, 0xf0, 0x0, 0x3, 0xff, 0xc0, 0x0,
    0xf, 0xff, 0x0, 0xf, 0xff, 0x0, 0x0, 0x3f,
    0xfc, 0x0, 0x0, 0xff, 0xf0, 0x0, 0x3, 0xff,
    0xc0, 0x0, 0xf, 0xff, 0x0, 0x0, 0x3f, 0xfc,
    0x0, 0x0, 0x3, 0xff, 0xc0, 0x0, 0xf, 0xff,
    0x0, 0x0, 0x3f, 0xfc, 0x0, 0x0, 0xff, 0xf0,
    0x0, 0x3, 0xff, 0xc0, 0x0, 0xf, 0xff, 0x0,
    0x0, 0x0, 0xff, 0xf0, 0x0, 0x3, 0xff, 0xc0,
    0x0, 0xf, 0xff, 0x0, 0x0, 0x3f, 0xfc, 0x0,
    0x0, 0xff, 0xf0, 0x0, 0x3, 0xff, 0xc0, 0x0,
    0x0, 0x3f, 0xfc, 0x0, 0x0, 0xff, 0xf0, 0x0,
    0x3, 0xff, 0xc0, 0x0, 0xf, 0xff, 0x0, 0x0,
    0x3f, 0xfc, 0x0, 0x0, 0xff, 0xf0,

    /* U+003D "=" */
    0xff, 0xff, 0xff, 0xff, 0xff, 0xff, 0xff, 0xff,
    0xff, 0xff, 0xff, 0xff, 0xff, 0xff, 0xff, 0xff,
    0xff, 0xff, 0xff, 0xff, 0xff, 0xff, 0xff, 0xff,
    0xff, 0xff, 0xff, 0xff, 0xff, 0xff, 0xff, 0xf0,
    0x0, 0x0, 0x0, 0x0, 0x0, 0x0, 0x0, 0x0,
    0x0, 0x0, 0x0, 0x0, 0x0, 0x0, 0x0, 0x0,
    0x0, 0x0, 0x0, 0x0, 0x0, 0x0, 0x0, 0x0,
    0x0, 0x0, 0x0, 0x0, 0x0, 0x0, 0x0, 0xff,
    0xff, 0xff, 0xff, 0xff, 0xff, 0xff, 0xff, 0xff,
    0xff, 0xff, 0xff, 0xff, 0xff, 0xff, 0xff, 0xff,
    0xff, 0xff, 0xff, 0xff, 0xff, 0xff, 0xff, 0xff,
    0xff, 0xff, 0xff, 0xff, 0xff, 0xff, 0xf0,

    /* U+003E ">" */
    0xff, 0xf0, 0x0, 0x3, 0xff, 0xc0, 0x0, 0xf,
    0xff, 0x0, 0x0, 0x3f, 0xfc, 0x0, 0x0, 0xff,
    0xf0, 0x0, 0x3, 0xff, 0xc0, 0x0, 0x0, 0x3f,
    0xfc, 0x0, 0x0, 0xff, 0xf0, 0x0, 0x3, 0xff,
    0xc0, 0x0, 0xf, 0xff, 0x0, 0x0, 0x3f, 0xfc,
    0x0, 0x0, 0xff, 0xf0, 0x0, 0x0, 0xf, 0xff,
    0x0, 0x0, 0x3f, 0xfc, 0x0, 0x0, 0xff, 0xf0,
    0x0, 0x3, 0xff, 0xc0, 0x0, 0xf, 0xff, 0x0,
    0x0, 0x3f, 0xfc, 0x0, 0x0, 0x3, 0xff, 0xc0,
    0x0, 0xf, 0xff, 0x0, 0x0, 0x3f, 0xfc, 0x0,
    0x0, 0xff, 0xf0, 0x0, 0x3, 0xff, 0xc0, 0x0,
    0xf, 0xff, 0x0, 0xf, 0xff, 0x0, 0x0, 0x3f,
    0xfc, 0x0, 0x0, 0xff, 0xf0, 0x0, 0x3, 0xff,
    0xc0, 0x0, 0xf, 0xff, 0x0, 0x0, 0x3f, 0xfc,
    0x0, 0x3f, 0xfc, 0x0, 0x0, 0xff, 0xf0, 0x0,
    0x3, 0xff, 0xc0, 0x0, 0xf, 0xff, 0x0, 0x0,
    0x3f, 0xfc, 0x0, 0x0, 0xff, 0xf0, 0x0, 0xff,
    0xf0, 0x0, 0x3, 0xff, 0xc0, 0x0, 0xf, 0xff,
    0x0, 0x0, 0x3f, 0xfc, 0x0, 0x0, 0xff, 0xf0,
    0x0, 0x3, 0xff, 0xc0, 0x0, 0x0,

    /* U+003F "?" */
    0x3, 0xff, 0xff, 0xff, 0xf0, 0x0, 0xff, 0xff,
    0xff, 0xfc, 0x0, 0x3f, 0xff, 0xff, 0xff, 0x0,
    0xf, 0xff, 0xff, 0xff, 0xc0, 0x3, 0xff, 0xff,
    0xff, 0xf0, 0x0, 0xff, 0xff, 0xff, 0xfc, 0xf,
    0xff, 0xff, 0xff, 0xff, 0xff, 0xff, 0xff, 0xff,
    0xff, 0xff, 0xff, 0xff, 0xff, 0xff, 0xff, 0xff,
    0xff, 0xff, 0xff, 0xff, 0xff, 0xff, 0xff, 0xff,
    0xff, 0xff, 0xff, 0xff, 0xff, 0xff, 0xff, 0xff,
    0xf0, 0x0, 0x3, 0xff, 0xff, 0xfc, 0x0, 0x0,
    0xff, 0xff, 0xff, 0x0, 0x0, 0x3f, 0xff, 0xff,
    0xc0, 0x0, 0xf, 0xff, 0xff, 0xf0, 0x0, 0x3,
    0xff, 0xff, 0xfc, 0x0, 0x0, 0xff, 0xf0, 0x0,
    0x0, 0xf, 0xff, 0x0, 0x0, 0x0, 0x3, 0xff,
    0xc0, 0x0, 0x0, 0x0, 0xff, 0xf0, 0x0, 0x0,
    0x0, 0x3f, 0xfc, 0x0, 0x0, 0x0, 0xf, 0xff,
    0x0, 0x0, 0x0, 0x3, 0xff, 0xc0, 0x0, 0xf,
    0xff, 0xfc, 0x0, 0x0, 0x3, 0xff, 0xff, 0x0,
    0x0, 0x0, 0xff, 0xff, 0xc0, 0x0, 0x0, 0x3f,
    0xff, 0xf0, 0x0, 0x0, 0xf, 0xff, 0xfc, 0x0,
    0x0, 0x3, 0xff, 0xff, 0x0, 0x0, 0x0, 0x0,
    0x0, 0x0, 0x0, 0x0, 0x0, 0x0, 0x0, 0x0,
    0x0, 0x0, 0x0, 0x0, 0x0, 0x0, 0x0, 0x0,
    0x0, 0x0, 0x0, 0x0, 0x0, 0x0, 0x0, 0x0,
    0x0, 0x0, 0x0, 0x0, 0x0, 0x0, 0xf, 0xff,
    0xfc, 0x0, 0x0, 0x3, 0xff, 0xff, 0x0, 0x0,
    0x0, 0xff, 0xff, 0xc0, 0x0, 0x0, 0x3f, 0xff,
    0xf0, 0x0, 0x0, 0xf, 0xff, 0xfc, 0x0, 0x0,
    0x3, 0xff, 0xff, 0x0, 0x0,

    /* U+0040 "@" */
    0x3, 0xff, 0xff, 0xff, 0xf0, 0x0, 0xff, 0xff,
    0xff, 0xfc, 0x0, 0x3f, 0xff, 0xff, 0xff, 0x0,
    0xf, 0xff, 0xff, 0xff, 0xc0, 0x3, 0xff, 0xff,
    0xff, 0xf0, 0x0, 0xff, 0xff, 0xff, 0xfc, 0xf,
    0xc0, 0x0, 0x0, 0x0, 0xff, 0xf0, 0x0, 0x0,
    0x0, 0x3f, 0xfc, 0x0, 0x0, 0x0, 0xf, 0xff,
    0x0, 0x0, 0x0, 0x3, 0xff, 0xc0, 0x0, 0x0,
    0x0, 0xff, 0xf0, 0x0, 0x0, 0x0, 0x3f, 0xfc,
    0xf, 0xff, 0xfc, 0xf, 0xff, 0x3, 0xff, 0xff,
    0x3, 0xff, 0xc0, 0xff, 0xff, 0xc0, 0xff, 0xf0,
    0x3f, 0xff, 0xf0, 0x3f, 0xfc, 0xf, 0xff, 0xfc,
    0xf, 0xff, 0x3, 0xff, 0xff, 0x3, 0xff, 0xc0,
    0xfc, 0xf, 0xc0, 0xff, 0xf0, 0x3f, 0x3, 0xf0,
    0x3f, 0xfc, 0xf, 0xc0, 0xfc, 0xf, 0xff, 0x3,
    0xf0, 0x3f, 0x3, 0xff, 0xc0, 0xfc, 0xf, 0xc0,
    0xff, 0xf0, 0x3f, 0x3, 0xf0, 0x3f, 0xfc, 0xf,
    0xff, 0xff, 0xff, 0xff, 0x3, 0xff, 0xff, 0xff,
    0xff, 0xc0, 0xff, 0xff, 0xff, 0xff, 0xf0, 0x3f,
    0xff, 0xff, 0xff, 0xfc, 0xf, 0xff, 0xff, 0xff,
    0xff, 0x3, 0xff, 0xff, 0xff, 0xff, 0xc0, 0x0,
    0x0, 0x0, 0x3, 0xf0, 0x0, 0x0, 0x0, 0x0,
    0xfc, 0x0, 0x0, 0x0, 0x0, 0x3f, 0x0, 0x0,
    0x0, 0x0, 0xf, 0xc0, 0x0, 0x0, 0x0, 0x3,
    0xf0, 0x0, 0x0, 0x0, 0x0, 0x3, 0xff, 0xff,
    0xff, 0xf0, 0x0, 0xff, 0xff, 0xff, 0xfc, 0x0,
    0x3f, 0xff, 0xff, 0xff, 0x0, 0xf, 0xff, 0xff,
    0xff, 0xc0, 0x3, 0xff, 0xff, 0xff, 0xf0, 0x0,
    0xff, 0xff, 0xff, 0xfc, 0x0,

    /* U+0041 "A" */
    0x0, 0xf, 0xff, 0xfc, 0x0, 0x0, 0x3, 0xff,
    0xff, 0x0, 0x0, 0x0, 0xff, 0xff, 0xc0, 0x0,
    0x0, 0x3f, 0xff, 0xf0, 0x0, 0x0, 0xf, 0xff,
    0xfc, 0x0, 0x0, 0x3, 0xff, 0xff, 0x0, 0x0,
    0x3f, 0xfc, 0xf, 0xff, 0x0, 0xf, 0xff, 0x3,
    0xff, 0xc0, 0x3, 0xff, 0xc0, 0xff, 0xf0, 0x0,
    0xff, 0xf0, 0x3f, 0xfc, 0x0, 0x3f, 0xfc, 0xf,
    0xff, 0x0, 0xf, 0xff, 0x3, 0xff, 0xc0, 0xff,
    0xf0, 0x0, 0x3, 0xff, 0xff, 0xfc, 0x0, 0x0,
    0xff, 0xff, 0xff, 0x0, 0x0, 0x3f, 0xff, 0xff,
    0xc0, 0x0, 0xf, 0xff, 0xff, 0xf0, 0x0, 0x3,
    0xff, 0xff, 0xfc, 0x0, 0x0, 0xff, 0xff, 0xff,
    0x0, 0x0, 0x3f, 0xff, 0xff, 0xc0, 0x0, 0xf,
    0xff, 0xff, 0xf0, 0x0, 0x3, 0xff, 0xff, 0xfc,
    0x0, 0x0, 0xff, 0xff, 0xff, 0x0, 0x0, 0x3f,
    0xff, 0xff, 0xc0, 0x0, 0xf, 0xff, 0xff, 0xff,
    0xff, 0xff, 0xff, 0xff, 0xff, 0xff, 0xff, 0xff,
    0xff, 0xff, 0xff, 0xff, 0xff, 0xff, 0xff, 0xff,
    0xff, 0xff, 0xff, 0xff, 0xff, 0xff, 0xff, 0xff,
    0xff, 0xff, 0xff, 0xff, 0xff, 0xff, 0xff, 0x0,
    0x0, 0x3f, 0xff, 0xff, 0xc0, 0x0, 0xf, 0xff,
    0xff, 0xf0, 0x0, 0x3, 0xff, 0xff, 0xfc, 0x0,
    0x0, 0xff, 0xff, 0xff, 0x0, 0x0, 0x3f, 0xff,
    0xff, 0xc0, 0x0, 0xf, 0xff, 0xff, 0xf0, 0x0,
    0x3, 0xff, 0xff, 0xfc, 0x0, 0x0, 0xff, 0xff,
    0xff, 0x0, 0x0, 0x3f, 0xff, 0xff, 0xc0, 0x0,
    0xf, 0xff, 0xff, 0xf0, 0x0, 0x3, 0xff, 0xff,
    0xfc, 0x0, 0x0, 0xff, 0xf0,

    /* U+0042 "B" */
    0xff, 0xff, 0xff, 0xff, 0xf0, 0x3f, 0xff, 0xff,
    0xff, 0xfc, 0xf, 0xff, 0xff, 0xff, 0xff, 0x3,
    0xff, 0xff, 0xff, 0xff, 0xc0, 0xff, 0xff, 0xff,
    0xff, 0xf0, 0x3f, 0xff, 0xff, 0xff, 0xfc, 0xf,
    0xff, 0x0, 0x0, 0x3f, 0xff, 0xff, 0xc0, 0x0,
    0xf, 0xff, 0xff, 0xf0, 0x0, 0x3, 0xff, 0xff,
    0xfc, 0x0, 0x0, 0xff, 0xff, 0xff, 0x0, 0x0,
    0x3f, 0xff, 0xff, 0xc0, 0x0, 0xf, 0xff, 0xff,
    0xf0, 0x0, 0x3, 0xff, 0xff, 0xfc, 0x0, 0x0,
    0xff, 0xff, 0xff, 0x0, 0x0, 0x3f, 0xff, 0xff,
    0xc0, 0x0, 0xf, 0xff, 0xff, 0xf0, 0x0, 0x3,
    0xff, 0xff, 0xfc, 0x0, 0x0, 0xff, 0xff, 0xff,
    0xff, 0xff, 0xff, 0x3, 0xff, 0xff, 0xff, 0xff,
    0xc0, 0xff, 0xff, 0xff, 0xff, 0xf0, 0x3f, 0xff,
    0xff, 0xff, 0xfc, 0xf, 0xff, 0xff, 0xff, 0xff,
    0x3, 0xff, 0xff, 0xff, 0xff, 0xc0, 0xff, 0xf0,
    0x0, 0x3, 0xff, 0xff, 0xfc, 0x0, 0x0, 0xff,
    0xff, 0xff, 0x0, 0x0, 0x3f, 0xff, 0xff, 0xc0,
    0x0, 0xf, 0xff, 0xff, 0xf0, 0x0, 0x3, 0xff,
    0xff, 0xfc, 0x0, 0x0, 0xff, 0xff, 0xff, 0x0,
    0x0, 0x3f, 0xff, 0xff, 0xc0, 0x0, 0xf, 0xff,
    0xff, 0xf0, 0x0, 0x3, 0xff, 0xff, 0xfc, 0x0,
    0x0, 0xff, 0xff, 0xff, 0x0, 0x0, 0x3f, 0xff,
    0xff, 0xc0, 0x0, 0xf, 0xff, 0xff, 0xff, 0xff,
    0xff, 0xf0, 0x3f, 0xff, 0xff, 0xff, 0xfc, 0xf,
    0xff, 0xff, 0xff, 0xff, 0x3, 0xff, 0xff, 0xff,
    0xff, 0xc0, 0xff, 0xff, 0xff, 0xff, 0xf0, 0x3f,
    0xff, 0xff, 0xff, 0xfc, 0x0,

    /* U+0043 "C" */
    0x0, 0xf, 0xff, 0xff, 0xf0, 0x0, 0x3, 0xff,
    0xff, 0xfc, 0x0, 0x0, 0xff, 0xff, 0xff, 0x0,
    0x0, 0x3f, 0xff, 0xff, 0xc0, 0x0, 0xf, 0xff,
    0xff, 0xf0, 0x0, 0x3, 0xff, 0xff, 0xfc, 0x0,
    0x3f, 0xfc, 0x0, 0x3f, 0xfc, 0xf, 0xff, 0x0,
    0xf, 0xff, 0x3, 0xff, 0xc0, 0x3, 0xff, 0xc0,
    0xff, 0xf0, 0x0, 0xff, 0xf0, 0x3f, 0xfc, 0x0,
    0x3f, 0xfc, 0xf, 0xff, 0x0, 0xf, 0xff, 0xff,
    0xf0, 0x0, 0x0, 0x0, 0x3f, 0xfc, 0x0, 0x0,
    0x0, 0xf, 0xff, 0x0, 0x0, 0x0, 0x3, 0xff,
    0xc0, 0x0, 0x0, 0x0, 0xff, 0xf0, 0x0, 0x0,
    0x0, 0x3f, 0xfc, 0x0, 0x0, 0x0, 0xf, 0xff,
    0x0, 0x0, 0x0, 0x3, 0xff, 0xc0, 0x0, 0x0,
    0x0, 0xff, 0xf0, 0x0, 0x0, 0x0, 0x3f, 0xfc,
    0x0, 0x0, 0x0, 0xf, 0xff, 0x0, 0x0, 0x0,
    0x3, 0xff, 0xc0, 0x0, 0x0, 0x0, 0xff, 0xf0,
    0x0, 0x0, 0x0, 0x3f, 0xfc, 0x0, 0x0, 0x0,
    0xf, 0xff, 0x0, 0x0, 0x0, 0x3, 0xff, 0xc0,
    0x0, 0x0, 0x0, 0xff, 0xf0, 0x0, 0x0, 0x0,
    0x3f, 0xfc, 0x0, 0x0, 0x0, 0x0, 0x3f, 0xfc,
    0x0, 0x3f, 0xfc, 0xf, 0xff, 0x0, 0xf, 0xff,
    0x3, 0xff, 0xc0, 0x3, 0xff, 0xc0, 0xff, 0xf0,
    0x0, 0xff, 0xf0, 0x3f, 0xfc, 0x0, 0x3f, 0xfc,
    0xf, 0xff, 0x0, 0xf, 0xff, 0x0, 0xf, 0xff,
    0xff, 0xf0, 0x0, 0x3, 0xff, 0xff, 0xfc, 0x0,
    0x0, 0xff, 0xff, 0xff, 0x0, 0x0, 0x3f, 0xff,
    0xff, 0xc0, 0x0, 0xf, 0xff, 0xff, 0xf0, 0x0,
    0x3, 0xff, 0xff, 0xfc, 0x0,

    /* U+0044 "D" */
    0xff, 0xff, 0xff, 0xfc, 0x0, 0x3f, 0xff, 0xff,
    0xff, 0x0, 0xf, 0xff, 0xff, 0xff, 0xc0, 0x3,
    0xff, 0xff, 0xff, 0xf0, 0x0, 0xff, 0xff, 0xff,
    0xfc, 0x0, 0x3f, 0xff, 0xff, 0xff, 0x0, 0xf,
    0xff, 0x0, 0xf, 0xff, 0x3, 0xff, 0xc0, 0x3,
    0xff, 0xc0, 0xff, 0xf0, 0x0, 0xff, 0xf0, 0x3f,
    0xfc, 0x0, 0x3f, 0xfc, 0xf, 0xff, 0x0, 0xf,
    0xff, 0x3, 0xff, 0xc0, 0x3, 0xff, 0xc0, 0xff,
    0xf0, 0x0, 0x3, 0xff, 0xff, 0xfc, 0x0, 0x0,
    0xff, 0xff, 0xff, 0x0, 0x0, 0x3f, 0xff, 0xff,
    0xc0, 0x0, 0xf, 0xff, 0xff, 0xf0, 0x0, 0x3,
    0xff, 0xff, 0xfc, 0x0, 0x0, 0xff, 0xff, 0xff,
    0x0, 0x0, 0x3f, 0xff, 0xff, 0xc0, 0x0, 0xf,
    0xff, 0xff, 0xf0, 0x0, 0x3, 0xff, 0xff, 0xfc,
    0x0, 0x0, 0xff, 0xff, 0xff, 0x0, 0x0, 0x3f,
    0xff, 0xff, 0xc0, 0x0, 0xf, 0xff, 0xff, 0xf0,
    0x0, 0x3, 0xff, 0xff, 0xfc, 0x0, 0x0, 0xff,
    0xff, 0xff, 0x0, 0x0, 0x3f, 0xff, 0xff, 0xc0,
    0x0, 0xf, 0xff, 0xff, 0xf0, 0x0, 0x3, 0xff,
    0xff, 0xfc, 0x0, 0x0, 0xff, 0xff, 0xff, 0x0,
    0xf, 0xff, 0x3, 0xff, 0xc0, 0x3, 0xff, 0xc0,
    0xff, 0xf0, 0x0, 0xff, 0xf0, 0x3f, 0xfc, 0x0,
    0x3f, 0xfc, 0xf, 0xff, 0x0, 0xf, 0xff, 0x3,
    0xff, 0xc0, 0x3, 0xff, 0xc0, 0xff, 0xff, 0xff,
    0xfc, 0x0, 0x3f, 0xff, 0xff, 0xff, 0x0, 0xf,
    0xff, 0xff, 0xff, 0xc0, 0x3, 0xff, 0xff, 0xff,
    0xf0, 0x0, 0xff, 0xff, 0xff, 0xfc, 0x0, 0x3f,
    0xff, 0xff, 0xff, 0x0, 0x0,

    /* U+0045 "E" */
    0xff, 0xff, 0xff, 0xff, 0xff, 0xff, 0xff, 0xff,
    0xff, 0xff, 0xff, 0xff, 0xff, 0xff, 0xff, 0xff,
    0xff, 0xff, 0xff, 0xff, 0xff, 0xff, 0xff, 0xff,
    0xff, 0xff, 0xff, 0xff, 0xff, 0xff, 0xff, 0xff,
    0xff, 0x0, 0x0, 0x0, 0x3, 0xff, 0xc0, 0x0,
    0x0, 0x0, 0xff, 0xf0, 0x0, 0x0, 0x0, 0x3f,
    0xfc, 0x0, 0x0, 0x0, 0xf, 0xff, 0x0, 0x0,
    0x0, 0x3, 0xff, 0xc0, 0x0, 0x0, 0x0, 0xff,
    0xf0, 0x0, 0x0, 0x0, 0x3f, 0xfc, 0x0, 0x0,
    0x0, 0xf, 0xff, 0x0, 0x0, 0x0, 0x3, 0xff,
    0xc0, 0x0, 0x0, 0x0, 0xff, 0xf0, 0x0, 0x0,
    0x0, 0x3f, 0xfc, 0x0, 0x0, 0x0, 0xf, 0xff,
    0xff, 0xff, 0xff, 0x3, 0xff, 0xff, 0xff, 0xff,
    0xc0, 0xff, 0xff, 0xff, 0xff, 0xf0, 0x3f, 0xff,
    0xff, 0xff, 0xfc, 0xf, 0xff, 0xff, 0xff, 0xff,
    0x3, 0xff, 0xff, 0xff, 0xff, 0xc0, 0xff, 0xf0,
    0x0, 0x0, 0x0, 0x3f, 0xfc, 0x0, 0x0, 0x0,
    0xf, 0xff, 0x0, 0x0, 0x0, 0x3, 0xff, 0xc0,
    0x0, 0x0, 0x0, 0xff, 0xf0, 0x0, 0x0, 0x0,
    0x3f, 0xfc, 0x0, 0x0, 0x0, 0xf, 0xff, 0x0,
    0x0, 0x0, 0x3, 0xff, 0xc0, 0x0, 0x0, 0x0,
    0xff, 0xf0, 0x0, 0x0, 0x0, 0x3f, 0xfc, 0x0,
    0x0, 0x0, 0xf, 0xff, 0x0, 0x0, 0x0, 0x3,
    0xff, 0xc0, 0x0, 0x0, 0x0, 0xff, 0xff, 0xff,
    0xff, 0xff, 0xff, 0xff, 0xff, 0xff, 0xff, 0xff,
    0xff, 0xff, 0xff, 0xff, 0xff, 0xff, 0xff, 0xff,
    0xff, 0xff, 0xff, 0xff, 0xff, 0xff, 0xff, 0xff,
    0xff, 0xff, 0xff, 0xff, 0xf0,

    /* U+0046 "F" */
    0xff, 0xff, 0xff, 0xff, 0xff, 0xff, 0xff, 0xff,
    0xff, 0xff, 0xff, 0xff, 0xff, 0xff, 0xff, 0xff,
    0xff, 0xff, 0xff, 0xff, 0xff, 0xff, 0xff, 0xff,
    0xff, 0xff, 0xff, 0xff, 0xff, 0xff, 0xff, 0xff,
    0xff, 0x0, 0x0, 0x0, 0x3, 0xff, 0xc0, 0x0,
    0x0, 0x0, 0xff, 0xf0, 0x0, 0x0, 0x0, 0x3f,
    0xfc, 0x0, 0x0, 0x0, 0xf, 0xff, 0x0, 0x0,
    0x0, 0x3, 0xff, 0xc0, 0x0, 0x0, 0x0, 0xff,
    0xf0, 0x0, 0x0, 0x0, 0x3f, 0xfc, 0x0, 0x0,
    0x0, 0xf, 0xff, 0x0, 0x0, 0x0, 0x3, 0xff,
    0xc0, 0x0, 0x0, 0x0, 0xff, 0xf0, 0x0, 0x0,
    0x0, 0x3f, 0xfc, 0x0, 0x0, 0x0, 0xf, 0xff,
    0xff, 0xff, 0xff, 0x3, 0xff, 0xff, 0xff, 0xff,
    0xc0, 0xff, 0xff, 0xff, 0xff, 0xf0, 0x3f, 0xff,
    0xff, 0xff, 0xfc, 0xf, 0xff, 0xff, 0xff, 0xff,
    0x3, 0xff, 0xff, 0xff, 0xff, 0xc0, 0xff, 0xf0,
    0x0, 0x0, 0x0, 0x3f, 0xfc, 0x0, 0x0, 0x0,
    0xf, 0xff, 0x0, 0x0, 0x0, 0x3, 0xff, 0xc0,
    0x0, 0x0, 0x0, 0xff, 0xf0, 0x0, 0x0, 0x0,
    0x3f, 0xfc, 0x0, 0x0, 0x0, 0xf, 0xff, 0x0,
    0x0, 0x0, 0x3, 0xff, 0xc0, 0x0, 0x0, 0x0,
    0xff, 0xf0, 0x0, 0x0, 0x0, 0x3f, 0xfc, 0x0,
    0x0, 0x0, 0xf, 0xff, 0x0, 0x0, 0x0, 0x3,
    0xff, 0xc0, 0x0, 0x0, 0x0, 0xff, 0xf0, 0x0,
    0x0, 0x0, 0x3f, 0xfc, 0x0, 0x0, 0x0, 0xf,
    0xff, 0x0, 0x0, 0x0, 0x3, 0xff, 0xc0, 0x0,
    0x0, 0x0, 0xff, 0xf0, 0x0, 0x0, 0x0, 0x3f,
    0xfc, 0x0, 0x0, 0x0, 0x0,

    /* U+0047 "G" */
    0x0, 0xf, 0xff, 0xff, 0xff, 0xc0, 0x3, 0xff,
    0xff, 0xff, 0xf0, 0x0, 0xff, 0xff, 0xff, 0xfc,
    0x0, 0x3f, 0xff, 0xff, 0xff, 0x0, 0xf, 0xff,
    0xff, 0xff, 0xc0, 0x3, 0xff, 0xff, 0xff, 0xf0,
    0x3f, 0xfc, 0x0, 0x0, 0x0, 0xf, 0xff, 0x0,
    0x0, 0x0, 0x3, 0xff, 0xc0, 0x0, 0x0, 0x0,
    0xff, 0xf0, 0x0, 0x0, 0x0, 0x3f, 0xfc, 0x0,
    0x0, 0x0, 0xf, 0xff, 0x0, 0x0, 0x0, 0xff,
    0xf0, 0x0, 0x0, 0x0, 0x3f, 0xfc, 0x0, 0x0,
    0x0, 0xf, 0xff, 0x0, 0x0, 0x0, 0x3, 0xff,
    0xc0, 0x0, 0x0, 0x0, 0xff, 0xf0, 0x0, 0x0,
    0x0, 0x3f, 0xfc, 0x0, 0x0, 0x0, 0xf, 0xff,
    0x0, 0xf, 0xff, 0xff, 0xff, 0xc0, 0x3, 0xff,
    0xff, 0xff, 0xf0, 0x0, 0xff, 0xff, 0xff, 0xfc,
    0x0, 0x3f, 0xff, 0xff, 0xff, 0x0, 0xf, 0xff,
    0xff, 0xff, 0xc0, 0x3, 0xff, 0xff, 0xff, 0xf0,
    0x0, 0x3, 0xff, 0xff, 0xfc, 0x0, 0x0, 0xff,
    0xff, 0xff, 0x0, 0x0, 0x3f, 0xff, 0xff, 0xc0,
    0x0, 0xf, 0xff, 0xff, 0xf0, 0x0, 0x3, 0xff,
    0xff, 0xfc, 0x0, 0x0, 0xff, 0xf0, 0x3f, 0xfc,
    0x0, 0x3f, 0xfc, 0xf, 0xff, 0x0, 0xf, 0xff,
    0x3, 0xff, 0xc0, 0x3, 0xff, 0xc0, 0xff, 0xf0,
    0x0, 0xff, 0xf0, 0x3f, 0xfc, 0x0, 0x3f, 0xfc,
    0xf, 0xff, 0x0, 0xf, 0xff, 0x0, 0xf, 0xff,
    0xff, 0xff, 0xc0, 0x3, 0xff, 0xff, 0xff, 0xf0,
    0x0, 0xff, 0xff, 0xff, 0xfc, 0x0, 0x3f, 0xff,
    0xff, 0xff, 0x0, 0xf, 0xff, 0xff, 0xff, 0xc0,
    0x3, 0xff, 0xff, 0xff, 0xf0,

    /* U+0048 "H" */
    0xff, 0xf0, 0x0, 0x3, 0xff, 0xff, 0xfc, 0x0,
    0x0, 0xff, 0xff, 0xff, 0x0, 0x0, 0x3f, 0xff,
    0xff, 0xc0, 0x0, 0xf, 0xff, 0xff, 0xf0, 0x0,
    0x3, 0xff, 0xff, 0xfc, 0x0, 0x0, 0xff, 0xff,
    0xff, 0x0, 0x0, 0x3f, 0xff, 0xff, 0xc0, 0x0,
    0xf, 0xff, 0xff, 0xf0, 0x0, 0x3, 0xff, 0xff,
    0xfc, 0x0, 0x0, 0xff, 0xff, 0xff, 0x0, 0x0,
    0x3f, 0xff, 0xff, 0xc0, 0x0, 0xf, 0xff, 0xff,
    0xf0, 0x0, 0x3, 0xff, 0xff, 0xfc, 0x0, 0x0,
    0xff, 0xff, 0xff, 0x0, 0x0, 0x3f, 0xff, 0xff,
    0xc0, 0x0, 0xf, 0xff, 0xff, 0xf0, 0x0, 0x3,
    0xff, 0xff, 0xfc, 0x0, 0x0, 0xff, 0xff, 0xff,
    0xff, 0xff, 0xff, 0xff, 0xff, 0xff, 0xff, 0xff,
    0xff, 0xff, 0xff, 0xff, 0xff, 0xff, 0xff, 0xff,
    0xff, 0xff, 0xff, 0xff, 0xff, 0xff, 0xff, 0xff,
    0xff, 0xff, 0xff, 0xff, 0xff, 0xff, 0xff, 0xf0,
    0x0, 0x3, 0xff, 0xff, 0xfc, 0x0, 0x0, 0xff,
    0xff, 0xff, 0x0, 0x0, 0x3f, 0xff, 0xff, 0xc0,
    0x0, 0xf, 0xff, 0xff, 0xf0, 0x0, 0x3, 0xff,
    0xff, 0xfc, 0x0, 0x0, 0xff, 0xff, 0xff, 0x0,
    0x0, 0x3f, 0xff, 0xff, 0xc0, 0x0, 0xf, 0xff,
    0xff, 0xf0, 0x0, 0x3, 0xff, 0xff, 0xfc, 0x0,
    0x0, 0xff, 0xff, 0xff, 0x0, 0x0, 0x3f, 0xff,
    0xff, 0xc0, 0x0, 0xf, 0xff, 0xff, 0xf0, 0x0,
    0x3, 0xff, 0xff, 0xfc, 0x0, 0x0, 0xff, 0xff,
    0xff, 0x0, 0x0, 0x3f, 0xff, 0xff, 0xc0, 0x0,
    0xf, 0xff, 0xff, 0xf0, 0x0, 0x3, 0xff, 0xff,
    0xfc, 0x0, 0x0, 0xff, 0xf0,

    /* U+0049 "I" */
    0xff, 0xff, 0xff, 0xff, 0xff, 0xff, 0xff, 0xff,
    0xff, 0xff, 0xff, 0xff, 0xff, 0xff, 0xff, 0xff,
    0xff, 0xff, 0xff, 0xff, 0xff, 0xff, 0xff, 0xff,
    0xff, 0xff, 0xff, 0x0, 0xf, 0xff, 0x0, 0x0,
    0x0, 0xff, 0xf0, 0x0, 0x0, 0xf, 0xff, 0x0,
    0x0, 0x0, 0xff, 0xf0, 0x0, 0x0, 0xf, 0xff,
    0x0, 0x0, 0x0, 0xff, 0xf0, 0x0, 0x0, 0xf,
    0xff, 0x0, 0x0, 0x0, 0xff, 0xf0, 0x0, 0x0,
    0xf, 0xff, 0x0, 0x0, 0x0, 0xff, 0xf0, 0x0,
    0x0, 0xf, 0xff, 0x0, 0x0, 0x0, 0xff, 0xf0,
    0x0, 0x0, 0xf, 0xff, 0x0, 0x0, 0x0, 0xff,
    0xf0, 0x0, 0x0, 0xf, 0xff, 0x0, 0x0, 0x0,
    0xff, 0xf0, 0x0, 0x0, 0xf, 0xff, 0x0, 0x0,
    0x0, 0xff, 0xf0, 0x0, 0x0, 0xf, 0xff, 0x0,
    0x0, 0x0, 0xff, 0xf0, 0x0, 0x0, 0xf, 0xff,
    0x0, 0x0, 0x0, 0xff, 0xf0, 0x0, 0x0, 0xf,
    0xff, 0x0, 0x0, 0x0, 0xff, 0xf0, 0x0, 0x0,
    0xf, 0xff, 0x0, 0x0, 0x0, 0xff, 0xf0, 0x0,
    0x0, 0xf, 0xff, 0x0, 0x0, 0x0, 0xff, 0xf0,
    0x0, 0x0, 0xf, 0xff, 0x0, 0x0, 0x0, 0xff,
    0xf0, 0x0, 0xff, 0xff, 0xff, 0xff, 0xff, 0xff,
    0xff, 0xff, 0xff, 0xff, 0xff, 0xff, 0xff, 0xff,
    0xff, 0xff, 0xff, 0xff, 0xff, 0xff, 0xff, 0xff,
    0xff, 0xff, 0xff, 0xff, 0xff,

    /* U+004A "J" */
    0x0, 0x0, 0x0, 0x3, 0xff, 0xc0, 0x0, 0x0,
    0x0, 0xff, 0xf0, 0x0, 0x0, 0x0, 0x3f, 0xfc,
    0x0, 0x0, 0x0, 0xf, 0xff, 0x0, 0x0, 0x0,
    0x3, 0xff, 0xc0, 0x0, 0x0, 0x0, 0xff, 0xf0,
    0x0, 0x0, 0x0, 0x3f, 0xfc, 0x0, 0x0, 0x0,
    0xf, 0xff, 0x0, 0x0, 0x0, 0x3, 0xff, 0xc0,
    0x0, 0x0, 0x0, 0xff, 0xf0, 0x0, 0x0, 0x0,
    0x3f, 0xfc, 0x0, 0x0, 0x0, 0xf, 0xff, 0x0,
    0x0, 0x0, 0x3, 0xff, 0xc0, 0x0, 0x0, 0x0,
    0xff, 0xf0, 0x0, 0x0, 0x0, 0x3f, 0xfc, 0x0,
    0x0, 0x0, 0xf, 0xff, 0x0, 0x0, 0x0, 0x3,
    0xff, 0xc0, 0x0, 0x0, 0x0, 0xff, 0xf0, 0x0,
    0x0, 0x0, 0x3f, 0xfc, 0x0, 0x0, 0x0, 0xf,
    0xff, 0x0, 0x0, 0x0, 0x3, 0xff, 0xc0, 0x0,
    0x0, 0x0, 0xff, 0xf0, 0x0, 0x0, 0x0, 0x3f,
    0xfc, 0x0, 0x0, 0x0, 0xf, 0xff, 0x0, 0x0,
    0x0, 0x3, 0xff, 0xc0, 0x0, 0x0, 0x0, 0xff,
    0xf0, 0x0, 0x0, 0x0, 0x3f, 0xfc, 0x0, 0x0,
    0x0, 0xf, 0xff, 0x0, 0x0, 0x0, 0x3, 0xff,
    0xc0, 0x0, 0x0, 0x0, 0xff, 0xff, 0xff, 0x0,
    0x0, 0x3f, 0xff, 0xff, 0xc0, 0x0, 0xf, 0xff,
    0xff, 0xf0, 0x0, 0x3, 0xff, 0xff, 0xfc, 0x0,
    0x0, 0xff, 0xff, 0xff, 0x0, 0x0, 0x3f, 0xff,
    0xff, 0xc0, 0x0, 0xf, 0xff, 0x3, 0xff, 0xff,
    0xff, 0xf0, 0x0, 0xff, 0xff, 0xff, 0xfc, 0x0,
    0x3f, 0xff, 0xff, 0xff, 0x0, 0xf, 0xff, 0xff,
    0xff, 0xc0, 0x3, 0xff, 0xff, 0xff, 0xf0, 0x0,
    0xff, 0xff, 0xff, 0xfc, 0x0,

    /* U+004B "K" */
    0xff, 0xf0, 0x0, 0x3, 0xff, 0xff, 0xfc, 0x0,
    0x0, 0xff, 0xff, 0xff, 0x0, 0x0, 0x3f, 0xff,
    0xff, 0xc0, 0x0, 0xf, 0xff, 0xff, 0xf0, 0x0,
    0x3, 0xff, 0xff, 0xfc, 0x0, 0x0, 0xff, 0xff,
    0xff, 0x0, 0xf, 0xff, 0x3, 0xff, 0xc0, 0x3,
    0xff, 0xc0, 0xff, 0xf0, 0x0, 0xff, 0xf0, 0x3f,
    0xfc, 0x0, 0x3f, 0xfc, 0xf, 0xff, 0x0, 0xf,
    0xff, 0x3, 0xff, 0xc0, 0x3, 0xff, 0xc0, 0xff,
    0xf0, 0x3f, 0xfc, 0x0, 0x3f, 0xfc, 0xf, 0xff,
    0x0, 0xf, 0xff, 0x3, 0xff, 0xc0, 0x3, 0xff,
    0xc0, 0xff, 0xf0, 0x0, 0xff, 0xf0, 0x3f, 0xfc,
    0x0, 0x3f, 0xfc, 0xf, 0xff, 0x0, 0xf, 0xff,
    0xff, 0xf0, 0x0, 0x3, 0xff, 0xff, 0xfc, 0x0,
    0x0, 0xff, 0xff, 0xff, 0x0, 0x0, 0x3f, 0xff,
    0xff, 0xc0, 0x0, 0xf, 0xff, 0xff, 0xf0, 0x0,
    0x3, 0xff, 0xff, 0xfc, 0x0, 0x0, 0xff, 0xff,
    0xff, 0xfc, 0x0, 0x3f, 0xff, 0xff, 0xff, 0x0,
    0xf, 0xff, 0xff, 0xff, 0xc0, 0x3, 0xff, 0xff,
    0xff, 0xf0, 0x0, 0xff, 0xff, 0xff, 0xfc, 0x0,
    0x3f, 0xff, 0xff, 0xff, 0x0, 0xf, 0xff, 0x3,
    0xff, 0xff, 0x3, 0xff, 0xc0, 0xff, 0xff, 0xc0,
    0xff, 0xf0, 0x3f, 0xff, 0xf0, 0x3f, 0xfc, 0xf,
    0xff, 0xfc, 0xf, 0xff, 0x3, 0xff, 0xff, 0x3,
    0xff, 0xc0, 0xff, 0xff, 0xc0, 0xff, 0xf0, 0x0,
    0xff, 0xff, 0xff, 0xfc, 0x0, 0x3f, 0xff, 0xff,
    0xff, 0x0, 0xf, 0xff, 0xff, 0xff, 0xc0, 0x3,
    0xff, 0xff, 0xff, 0xf0, 0x0, 0xff, 0xff, 0xff,
    0xfc, 0x0, 0x3f, 0xff, 0xf0,

    /* U+004C "L" */
    0xff, 0xf0, 0x0, 0x0, 0xf, 0xff, 0x0, 0x0,
    0x0, 0xff, 0xf0, 0x0, 0x0, 0xf, 0xff, 0x0,
    0x0, 0x0, 0xff, 0xf0, 0x0, 0x0, 0xf, 0xff,
    0x0, 0x0, 0x0, 0xff, 0xf0, 0x0, 0x0, 0xf,
    0xff, 0x0, 0x0, 0x0, 0xff, 0xf0, 0x0, 0x0,
    0xf, 0xff, 0x0, 0x0, 0x0, 0xff, 0xf0, 0x0,
    0x0, 0xf, 0xff, 0x0, 0x0, 0x0, 0xff, 0xf0,
    0x0, 0x0, 0xf, 0xff, 0x0, 0x0, 0x0, 0xff,
    0xf0, 0x0, 0x0, 0xf, 0xff, 0x0, 0x0, 0x0,
    0xff, 0xf0, 0x0, 0x0, 0xf, 0xff, 0x0, 0x0,
    0x0, 0xff, 0xf0, 0x0, 0x0, 0xf, 0xff, 0x0,
    0x0, 0x0, 0xff, 0xf0, 0x0, 0x0, 0xf, 0xff,
    0x0, 0x0, 0x0, 0xff, 0xf0, 0x0, 0x0, 0xf,
    0xff, 0x0, 0x0, 0x0, 0xff, 0xf0, 0x0, 0x0,
    0xf, 0xff, 0x0, 0x0, 0x0, 0xff, 0xf0, 0x0,
    0x0, 0xf, 0xff, 0x0, 0x0, 0x0, 0xff, 0xf0,
    0x0, 0x0, 0xf, 0xff, 0x0, 0x0, 0x0, 0xff,
    0xf0, 0x0, 0x0, 0xf, 0xff, 0x0, 0x0, 0x0,
    0xff, 0xf0, 0x0, 0x0, 0xf, 0xff, 0x0, 0x0,
    0x0, 0xff, 0xf0, 0x0, 0x0, 0xf, 0xff, 0x0,
    0x0, 0x0, 0xff, 0xff, 0xff, 0xff, 0xff, 0xff,
    0xff, 0xff, 0xff, 0xff, 0xff, 0xff, 0xff, 0xff,
    0xff, 0xff, 0xff, 0xff, 0xff, 0xff, 0xff, 0xff,
    0xff, 0xff, 0xff, 0xff, 0xff,

    /* U+004D "M" */
    0xff, 0xf0, 0x0, 0x3, 0xff, 0xff, 0xfc, 0x0,
    0x0, 0xff, 0xff, 0xff, 0x0, 0x0, 0x3f, 0xff,
    0xff, 0xc0, 0x0, 0xf, 0xff, 0xff, 0xf0, 0x0,
    0x3, 0xff, 0xff, 0xfc, 0x0, 0x0, 0xff, 0xff,
    0xff, 0xfc, 0xf, 0xff, 0xff, 0xff, 0xff, 0x3,
    0xff, 0xff, 0xff, 0xff, 0xc0, 0xff, 0xff, 0xff,
    0xff, 0xf0, 0x3f, 0xff, 0xff, 0xff, 0xfc, 0xf,
    0xff, 0xff, 0xff, 0xff, 0x3, 0xff, 0xff, 0xff,
    0xff, 0xff, 0xff, 0xff, 0xff, 0xff, 0xff, 0xff,
    0xff, 0xff, 0xff, 0xff, 0xff, 0xff, 0xff, 0xff,
    0xff, 0xff, 0xff, 0xff, 0xff, 0xff, 0xff, 0xff,
    0xff, 0xff, 0xff, 0xff, 0xff, 0xff, 0xff, 0xff,
    0x3, 0xf0, 0x3f, 0xff, 0xff, 0xc0, 0xfc, 0xf,
    0xff, 0xff, 0xf0, 0x3f, 0x3, 0xff, 0xff, 0xfc,
    0xf, 0xc0, 0xff, 0xff, 0xff, 0x3, 0xf0, 0x3f,
    0xff, 0xff, 0xc0, 0xfc, 0xf, 0xff, 0xff, 0xf0,
    0x3f, 0x3, 0xff, 0xff, 0xfc, 0xf, 0xc0, 0xff,
    0xff, 0xff, 0x3, 0xf0, 0x3f, 0xff, 0xff, 0xc0,
    0xfc, 0xf, 0xff, 0xff, 0xf0, 0x3f, 0x3, 0xff,
    0xff, 0xfc, 0xf, 0xc0, 0xff, 0xff, 0xff, 0x0,
    0x0, 0x3f, 0xff, 0xff, 0xc0, 0x0, 0xf, 0xff,
    0xff, 0xf0, 0x0, 0x3, 0xff, 0xff, 0xfc, 0x0,
    0x0, 0xff, 0xff, 0xff, 0x0, 0x0, 0x3f, 0xff,
    0xff, 0xc0, 0x0, 0xf, 0xff, 0xff, 0xf0, 0x0,
    0x3, 0xff, 0xff, 0xfc, 0x0, 0x0, 0xff, 0xff,
    0xff, 0x0, 0x0, 0x3f, 0xff, 0xff, 0xc0, 0x0,
    0xf, 0xff, 0xff, 0xf0, 0x0, 0x3, 0xff, 0xff,
    0xfc, 0x0, 0x0, 0xff, 0xf0,

    /* U+004E "N" */
    0xff, 0xf0, 0x0, 0x3, 0xff, 0xff, 0xfc, 0x0,
    0x0, 0xff, 0xff, 0xff, 0x0, 0x0, 0x3f, 0xff,
    0xff, 0xc0, 0x0, 0xf, 0xff, 0xff, 0xf0, 0x0,
    0x3, 0xff, 0xff, 0xfc, 0x0, 0x0, 0xff, 0xff,
    0xff, 0xfc, 0x0, 0x3f, 0xff, 0xff, 0xff, 0x0,
    0xf, 0xff, 0xff, 0xff, 0xc0, 0x3, 0xff, 0xff,
    0xff, 0xf0, 0x0, 0xff, 0xff, 0xff, 0xfc, 0x0,
    0x3f, 0xff, 0xff, 0xff, 0x0, 0xf, 0xff, 0xff,
    0xff, 0xff, 0x3, 0xff, 0xff, 0xff, 0xff, 0xc0,
    0xff, 0xff, 0xff, 0xff, 0xf0, 0x3f, 0xff, 0xff,
    0xff, 0xfc, 0xf, 0xff, 0xff, 0xff, 0xff, 0x3,
    0xff, 0xff, 0xff, 0xff, 0xc0, 0xff, 0xff, 0xff,
    0x3, 0xff, 0xff, 0xff, 0xff, 0xc0, 0xff, 0xff,
    0xff, 0xff, 0xf0, 0x3f, 0xff, 0xff, 0xff, 0xfc,
    0xf, 0xff, 0xff, 0xff, 0xff, 0x3, 0xff, 0xff,
    0xff, 0xff, 0xc0, 0xff, 0xff, 0xff, 0xff, 0xf0,
    0x0, 0xff, 0xff, 0xff, 0xfc, 0x0, 0x3f, 0xff,
    0xff, 0xff, 0x0, 0xf, 0xff, 0xff, 0xff, 0xc0,
    0x3, 0xff, 0xff, 0xff, 0xf0, 0x0, 0xff, 0xff,
    0xff, 0xfc, 0x0, 0x3f, 0xff, 0xff, 0xff, 0x0,
    0x0, 0x3f, 0xff, 0xff, 0xc0, 0x0, 0xf, 0xff,
    0xff, 0xf0, 0x0, 0x3, 0xff, 0xff, 0xfc, 0x0,
    0x0, 0xff, 0xff, 0xff, 0x0, 0x0, 0x3f, 0xff,
    0xff, 0xc0, 0x0, 0xf, 0xff, 0xff, 0xf0, 0x0,
    0x3, 0xff, 0xff, 0xfc, 0x0, 0x0, 0xff, 0xff,
    0xff, 0x0, 0x0, 0x3f, 0xff, 0xff, 0xc0, 0x0,
    0xf, 0xff, 0xff, 0xf0, 0x0, 0x3, 0xff, 0xff,
    0xfc, 0x0, 0x0, 0xff, 0xf0,

    /* U+004F "O" */
    0x3, 0xff, 0xff, 0xff, 0xf0, 0x0, 0xff, 0xff,
    0xff, 0xfc, 0x0, 0x3f, 0xff, 0xff, 0xff, 0x0,
    0xf, 0xff, 0xff, 0xff, 0xc0, 0x3, 0xff, 0xff,
    0xff, 0xf0, 0x0, 0xff, 0xff, 0xff, 0xfc, 0xf,
    0xff, 0x0, 0x0, 0x3f, 0xff, 0xff, 0xc0, 0x0,
    0xf, 0xff, 0xff, 0xf0, 0x0, 0x3, 0xff, 0xff,
    0xfc, 0x0, 0x0, 0xff, 0xff, 0xff, 0x0, 0x0,
    0x3f, 0xff, 0xff, 0xc0, 0x0, 0xf, 0xff, 0xff,
    0xf0, 0x0, 0x3, 0xff, 0xff, 0xfc, 0x0, 0x0,
    0xff, 0xff, 0xff, 0x0, 0x0, 0x3f, 0xff, 0xff,
    0xc0, 0x0, 0xf, 0xff, 0xff, 0xf0, 0x0, 0x3,
    0xff, 0xff, 0xfc, 0x0, 0x0, 0xff, 0xff, 0xff,
    0x0, 0x0, 0x3f, 0xff, 0xff, 0xc0, 0x0, 0xf,
    0xff, 0xff, 0xf0, 0x0, 0x3, 0xff, 0xff, 0xfc,
    0x0, 0x0, 0xff, 0xff, 0xff, 0x0, 0x0, 0x3f,
    0xff, 0xff, 0xc0, 0x0, 0xf, 0xff, 0xff, 0xf0,
    0x0, 0x3, 0xff, 0xff, 0xfc, 0x0, 0x0, 0xff,
    0xff, 0xff, 0x0, 0x0, 0x3f, 0xff, 0xff, 0xc0,
    0x0, 0xf, 0xff, 0xff, 0xf0, 0x0, 0x3, 0xff,
    0xff, 0xfc, 0x0, 0x0, 0xff, 0xff, 0xff, 0x0,
    0x0, 0x3f, 0xff, 0xff, 0xc0, 0x0, 0xf, 0xff,
    0xff, 0xf0, 0x0, 0x3, 0xff, 0xff, 0xfc, 0x0,
    0x0, 0xff, 0xff, 0xff, 0x0, 0x0, 0x3f, 0xff,
    0xff, 0xc0, 0x0, 0xf, 0xff, 0x3, 0xff, 0xff,
    0xff, 0xf0, 0x0, 0xff, 0xff, 0xff, 0xfc, 0x0,
    0x3f, 0xff, 0xff, 0xff, 0x0, 0xf, 0xff, 0xff,
    0xff, 0xc0, 0x3, 0xff, 0xff, 0xff, 0xf0, 0x0,
    0xff, 0xff, 0xff, 0xfc, 0x0,

    /* U+0050 "P" */
    0xff, 0xff, 0xff, 0xff, 0xf0, 0x3f, 0xff, 0xff,
    0xff, 0xfc, 0xf, 0xff, 0xff, 0xff, 0xff, 0x3,
    0xff, 0xff, 0xff, 0xff, 0xc0, 0xff, 0xff, 0xff,
    0xff, 0xf0, 0x3f, 0xff, 0xff, 0xff, 0xfc, 0xf,
    0xff, 0x0, 0x0, 0x3f, 0xff, 0xff, 0xc0, 0x0,
    0xf, 0xff, 0xff, 0xf0, 0x0, 0x3, 0xff, 0xff,
    0xfc, 0x0, 0x0, 0xff, 0xff, 0xff, 0x0, 0x0,
    0x3f, 0xff, 0xff, 0xc0, 0x0, 0xf, 0xff, 0xff,
    0xf0, 0x0, 0x3, 0xff, 0xff, 0xfc, 0x0, 0x0,
    0xff, 0xff, 0xff, 0x0, 0x0, 0x3f, 0xff, 0xff,
    0xc0, 0x0, 0xf, 0xff, 0xff, 0xf0, 0x0, 0x3,
    0xff, 0xff, 0xfc, 0x0, 0x0, 0xff, 0xff, 0xff,
    0x0, 0x0, 0x3f, 0xff, 0xff, 0xc0, 0x0, 0xf,
    0xff, 0xff, 0xf0, 0x0, 0x3, 0xff, 0xff, 0xfc,
    0x0, 0x0, 0xff, 0xff, 0xff, 0x0, 0x0, 0x3f,
    0xff, 0xff, 0xc0, 0x0, 0xf, 0xff, 0xff, 0xff,
    0xff, 0xff, 0xf0, 0x3f, 0xff, 0xff, 0xff, 0xfc,
    0xf, 0xff, 0xff, 0xff, 0xff, 0x3, 0xff, 0xff,
    0xff, 0xff, 0xc0, 0xff, 0xff, 0xff, 0xff, 0xf0,
    0x3f, 0xff, 0xff, 0xff, 0xfc, 0xf, 0xff, 0x0,
    0x0, 0x0, 0x3, 0xff, 0xc0, 0x0, 0x0, 0x0,
    0xff, 0xf0, 0x0, 0x0, 0x0, 0x3f, 0xfc, 0x0,
    0x0, 0x0, 0xf, 0xff, 0x0, 0x0, 0x0, 0x3,
    0xff, 0xc0, 0x0, 0x0, 0x0, 0xff, 0xf0, 0x0,
    0x0, 0x0, 0x3f, 0xfc, 0x0, 0x0, 0x0, 0xf,
    0xff, 0x0, 0x0, 0x0, 0x3, 0xff, 0xc0, 0x0,
    0x0, 0x0, 0xff, 0xf0, 0x0, 0x0, 0x0, 0x3f,
    0xfc, 0x0, 0x0, 0x0, 0x0,

    /* U+0051 "Q" */
    0x3, 0xff, 0xff, 0xff, 0xf0, 0x0, 0xff, 0xff,
    0xff, 0xfc, 0x0, 0x3f, 0xff, 0xff, 0xff, 0x0,
    0xf, 0xff, 0xff, 0xff, 0xc0, 0x3, 0xff, 0xff,
    0xff, 0xf0, 0x0, 0xff, 0xff, 0xff, 0xfc, 0xf,
    0xff, 0x0, 0x0, 0x3f, 0xff, 0xff, 0xc0, 0x0,
    0xf, 0xff, 0xff, 0xf0, 0x0, 0x3, 0xff, 0xff,
    0xfc, 0x0, 0x0, 0xff, 0xff, 0xff, 0x0, 0x0,
    0x3f, 0xff, 0xff, 0xc0, 0x0, 0xf, 0xff, 0xff,
    0xf0, 0x0, 0x3, 0xff, 0xff, 0xfc, 0x0, 0x0,
    0xff, 0xff, 0xff, 0x0, 0x0, 0x3f, 0xff, 0xff,
    0xc0, 0x0, 0xf, 0xff, 0xff, 0xf0, 0x0, 0x3,
    0xff, 0xff, 0xfc, 0x0, 0x0, 0xff, 0xff, 0xff,
    0x0, 0x0, 0x3f, 0xff, 0xff, 0xc0, 0x0, 0xf,
    0xff, 0xff, 0xf0, 0x0, 0x3, 0xff, 0xff, 0xfc,
    0x0, 0x0, 0xff, 0xff, 0xff, 0x0, 0x0, 0x3f,
    0xff, 0xff, 0xc0, 0x0, 0xf, 0xff, 0xff, 0xf0,
    0x3f, 0xff, 0xff, 0xff, 0xfc, 0xf, 0xff, 0xff,
    0xff, 0xff, 0x3, 0xff, 0xff, 0xff, 0xff, 0xc0,
    0xff, 0xff, 0xff, 0xff, 0xf0, 0x3f, 0xff, 0xff,
    0xff, 0xfc, 0xf, 0xff, 0xff, 0xff, 0xff, 0x0,
    0xf, 0xff, 0x3, 0xff, 0xc0, 0x3, 0xff, 0xc0,
    0xff, 0xf0, 0x0, 0xff, 0xf0, 0x3f, 0xfc, 0x0,
    0x3f, 0xfc, 0xf, 0xff, 0x0, 0xf, 0xff, 0x3,
    0xff, 0xc0, 0x3, 0xff, 0xc0, 0x3, 0xff, 0xff,
    0xfc, 0xf, 0xc0, 0xff, 0xff, 0xff, 0x3, 0xf0,
    0x3f, 0xff, 0xff, 0xc0, 0xfc, 0xf, 0xff, 0xff,
    0xf0, 0x3f, 0x3, 0xff, 0xff, 0xfc, 0xf, 0xc0,
    0xff, 0xff, 0xff, 0x3, 0xf0,

    /* U+0052 "R" */
    0xff, 0xff, 0xff, 0xff, 0xf0, 0x3f, 0xff, 0xff,
    0xff, 0xfc, 0xf, 0xff, 0xff, 0xff, 0xff, 0x3,
    0xff, 0xff, 0xff, 0xff, 0xc0, 0xff, 0xff, 0xff,
    0xff, 0xf0, 0x3f, 0xff, 0xff, 0xff, 0xfc, 0xf,
    0xff, 0x0, 0x0, 0x3f, 0xff, 0xff, 0xc0, 0x0,
    0xf, 0xff, 0xff, 0xf0, 0x0, 0x3, 0xff, 0xff,
    0xfc, 0x0, 0x0, 0xff, 0xff, 0xff, 0x0, 0x0,
    0x3f, 0xff, 0xff, 0xc0, 0x0, 0xf, 0xff, 0xff,
    0xf0, 0x0, 0x3, 0xff, 0xff, 0xfc, 0x0, 0x0,
    0xff, 0xff, 0xff, 0x0, 0x0, 0x3f, 0xff, 0xff,
    0xc0, 0x0, 0xf, 0xff, 0xff, 0xf0, 0x0, 0x3,
    0xff, 0xff, 0xfc, 0x0, 0x0, 0xff, 0xff, 0xff,
    0x0, 0xf, 0xff, 0xff, 0xff, 0xc0, 0x3, 0xff,
    0xff, 0xff, 0xf0, 0x0, 0xff, 0xff, 0xff, 0xfc,
    0x0, 0x3f, 0xff, 0xff, 0xff, 0x0, 0xf, 0xff,
    0xff, 0xff, 0xc0, 0x3, 0xff, 0xff, 0xff, 0xff,
    0xff, 0xfc, 0x0, 0x3f, 0xff, 0xff, 0xff, 0x0,
    0xf, 0xff, 0xff, 0xff, 0xc0, 0x3, 0xff, 0xff,
    0xff, 0xf0, 0x0, 0xff, 0xff, 0xff, 0xfc, 0x0,
    0x3f, 0xff, 0xff, 0xff, 0x0, 0xf, 0xff, 0x3,
    0xff, 0xff, 0x3, 0xff, 0xc0, 0xff, 0xff, 0xc0,
    0xff, 0xf0, 0x3f, 0xff, 0xf0, 0x3f, 0xfc, 0xf,
    0xff, 0xfc, 0xf, 0xff, 0x3, 0xff, 0xff, 0x3,
    0xff, 0xc0, 0xff, 0xff, 0xc0, 0xff, 0xf0, 0x0,
    0xff, 0xff, 0xff, 0xfc, 0x0, 0x3f, 0xff, 0xff,
    0xff, 0x0, 0xf, 0xff, 0xff, 0xff, 0xc0, 0x3,
    0xff, 0xff, 0xff, 0xf0, 0x0, 0xff, 0xff, 0xff,
    0xfc, 0x0, 0x3f, 0xff, 0xf0,

    /* U+0053 "S" */
    0x3, 0xff, 0xff, 0xff, 0xf0, 0x0, 0xff, 0xff,
    0xff, 0xfc, 0x0, 0x3f, 0xff, 0xff, 0xff, 0x0,
    0xf, 0xff, 0xff, 0xff, 0xc0, 0x3, 0xff, 0xff,
    0xff, 0xf0, 0x0, 0xff, 0xff, 0xff, 0xfc, 0xf,
    0xff, 0x0, 0x0, 0x3f, 0xff, 0xff, 0xc0, 0x0,
    0xf, 0xff, 0xff, 0xf0, 0x0, 0x3, 0xff, 0xff,
    0xfc, 0x0, 0x0, 0xff, 0xff, 0xff, 0x0, 0x0,
    0x3f, 0xff, 0xff, 0xc0, 0x0, 0xf, 0xff, 0xff,
    0xf0, 0x0, 0x0, 0x0, 0x3f, 0xfc, 0x0, 0x0,
    0x0, 0xf, 0xff, 0x0, 0x0, 0x0, 0x3, 0xff,
    0xc0, 0x0, 0x0, 0x0, 0xff, 0xf0, 0x0, 0x0,
    0x0, 0x3f, 0xfc, 0x0, 0x0, 0x0, 0x0, 0x3f,
    0xff, 0xff, 0xff, 0x0, 0xf, 0xff, 0xff, 0xff,
    0xc0, 0x3, 0xff, 0xff, 0xff, 0xf0, 0x0, 0xff,
    0xff, 0xff, 0xfc, 0x0, 0x3f, 0xff, 0xff, 0xff,
    0x0, 0xf, 0xff, 0xff, 0xff, 0xc0, 0x0, 0x0,
    0x0, 0x3, 0xff, 0xc0, 0x0, 0x0, 0x0, 0xff,
    0xf0, 0x0, 0x0, 0x0, 0x3f, 0xfc, 0x0, 0x0,
    0x0, 0xf, 0xff, 0x0, 0x0, 0x0, 0x3, 0xff,
    0xc0, 0x0, 0x0, 0x0, 0xff, 0xff, 0xff, 0x0,
    0x0, 0x3f, 0xff, 0xff, 0xc0, 0x0, 0xf, 0xff,
    0xff, 0xf0, 0x0, 0x3, 0xff, 0xff, 0xfc, 0x0,
    0x0, 0xff, 0xff, 0xff, 0x0, 0x0, 0x3f, 0xff,
    0xff, 0xc0, 0x0, 0xf, 0xff, 0x3, 0xff, 0xff,
    0xff, 0xf0, 0x0, 0xff, 0xff, 0xff, 0xfc, 0x0,
    0x3f, 0xff, 0xff, 0xff, 0x0, 0xf, 0xff, 0xff,
    0xff, 0xc0, 0x3, 0xff, 0xff, 0xff, 0xf0, 0x0,
    0xff, 0xff, 0xff, 0xfc, 0x0,

    /* U+0054 "T" */
    0xff, 0xff, 0xff, 0xff, 0xff, 0xff, 0xff, 0xff,
    0xff, 0xff, 0xff, 0xff, 0xff, 0xff, 0xff, 0xff,
    0xff, 0xff, 0xff, 0xff, 0xff, 0xff, 0xff, 0xff,
    0xff, 0xff, 0xff, 0x0, 0xf, 0xff, 0x0, 0x0,
    0x0, 0xff, 0xf0, 0x0, 0x0, 0xf, 0xff, 0x0,
    0x0, 0x0, 0xff, 0xf0, 0x0, 0x0, 0xf, 0xff,
    0x0, 0x0, 0x0, 0xff, 0xf0, 0x0, 0x0, 0xf,
    0xff, 0x0, 0x0, 0x0, 0xff, 0xf0, 0x0, 0x0,
    0xf, 0xff, 0x0, 0x0, 0x0, 0xff, 0xf0, 0x0,
    0x0, 0xf, 0xff, 0x0, 0x0, 0x0, 0xff, 0xf0,
    0x0, 0x0, 0xf, 0xff, 0x0, 0x0, 0x0, 0xff,
    0xf0, 0x0, 0x0, 0xf, 0xff, 0x0, 0x0, 0x0,
    0xff, 0xf0, 0x0, 0x0, 0xf, 0xff, 0x0, 0x0,
    0x0, 0xff, 0xf0, 0x0, 0x0, 0xf, 0xff, 0x0,
    0x0, 0x0, 0xff, 0xf0, 0x0, 0x0, 0xf, 0xff,
    0x0, 0x0, 0x0, 0xff, 0xf0, 0x0, 0x0, 0xf,
    0xff, 0x0, 0x0, 0x0, 0xff, 0xf0, 0x0, 0x0,
    0xf, 0xff, 0x0, 0x0, 0x0, 0xff, 0xf0, 0x0,
    0x0, 0xf, 0xff, 0x0, 0x0, 0x0, 0xff, 0xf0,
    0x0, 0x0, 0xf, 0xff, 0x0, 0x0, 0x0, 0xff,
    0xf0, 0x0, 0x0, 0xf, 0xff, 0x0, 0x0, 0x0,
    0xff, 0xf0, 0x0, 0x0, 0xf, 0xff, 0x0, 0x0,
    0x0, 0xff, 0xf0, 0x0, 0x0, 0xf, 0xff, 0x0,
    0x0, 0x0, 0xff, 0xf0, 0x0,

    /* U+0055 "U" */
    0xff, 0xf0, 0x0, 0x3, 0xff, 0xff, 0xfc, 0x0,
    0x0, 0xff, 0xff, 0xff, 0x0, 0x0, 0x3f, 0xff,
    0xff, 0xc0, 0x0, 0xf, 0xff, 0xff, 0xf0, 0x0,
    0x3, 0xff, 0xff, 0xfc, 0x0, 0x0, 0xff, 0xff,
    0xff, 0x0, 0x0, 0x3f, 0xff, 0xff, 0xc0, 0x0,
    0xf, 0xff, 0xff, 0xf0, 0x0, 0x3, 0xff, 0xff,
    0xfc, 0x0, 0x0, 0xff, 0xff, 0xff, 0x0, 0x0,
    0x3f, 0xff, 0xff, 0xc0, 0x0, 0xf, 0xff, 0xff,
    0xf0, 0x0, 0x3, 0xff, 0xff, 0xfc, 0x0, 0x0,
    0xff, 0xff, 0xff, 0x0, 0x0, 0x3f, 0xff, 0xff,
    0xc0, 0x0, 0xf, 0xff, 0xff, 0xf0, 0x0, 0x3,
    0xff, 0xff, 0xfc, 0x0, 0x0, 0xff, 0xff, 0xff,
    0x0, 0x0, 0x3f, 0xff, 0xff, 0xc0, 0x0, 0xf,
    0xff, 0xff, 0xf0, 0x0, 0x3, 0xff, 0xff, 0xfc,
    0x0, 0x0, 0xff, 0xff, 0xff, 0x0, 0x0, 0x3f,
    0xff, 0xff, 0xc0, 0x0, 0xf, 0xff, 0xff, 0xf0,
    0x0, 0x3, 0xff, 0xff, 0xfc, 0x0, 0x0, 0xff,
    0xff, 0xff, 0x0, 0x0, 0x3f, 0xff, 0xff, 0xc0,
    0x0, 0xf, 0xff, 0xff, 0xf0, 0x0, 0x3, 0xff,
    0xff, 0xfc, 0x0, 0x0, 0xff, 0xff, 0xff, 0x0,
    0x0, 0x3f, 0xff, 0xff, 0xc0, 0x0, 0xf, 0xff,
    0xff, 0xf0, 0x0, 0x3, 0xff, 0xff, 0xfc, 0x0,
    0x0, 0xff, 0xff, 0xff, 0x0, 0x0, 0x3f, 0xff,
    0xff, 0xc0, 0x0, 0xf, 0xff, 0x3, 0xff, 0xff,
    0xff, 0xf0, 0x0, 0xff, 0xff, 0xff, 0xfc, 0x0,
    0x3f, 0xff, 0xff, 0xff, 0x0, 0xf, 0xff, 0xff,
    0xff, 0xc0, 0x3, 0xff, 0xff, 0xff, 0xf0, 0x0,
    0xff, 0xff, 0xff, 0xfc, 0x0,

    /* U+0056 "V" */
    0xff, 0xf0, 0x0, 0x3, 0xff, 0xff, 0xfc, 0x0,
    0x0, 0xff, 0xff, 0xff, 0x0, 0x0, 0x3f, 0xff,
    0xff, 0xc0, 0x0, 0xf, 0xff, 0xff, 0xf0, 0x0,
    0x3, 0xff, 0xff, 0xfc, 0x0, 0x0, 0xff, 0xff,
    0xff, 0x0, 0x0, 0x3f, 0xff, 0xff, 0xc0, 0x0,
    0xf, 0xff, 0xff, 0xf0, 0x0, 0x3, 0xff, 0xff,
    0xfc, 0x0, 0x0, 0xff, 0xff, 0xff, 0x0, 0x0,
    0x3f, 0xff, 0xff, 0xc0, 0x0, 0xf, 0xff, 0xff,
    0xf0, 0x0, 0x3, 0xff, 0xff, 0xfc, 0x0, 0x0,
    0xff, 0xff, 0xff, 0x0, 0x0, 0x3f, 0xff, 0xff,
    0xc0, 0x0, 0xf, 0xff, 0xff, 0xf0, 0x0, 0x3,
    0xff, 0xff, 0xfc, 0x0, 0x0, 0xff, 0xff, 0xff,
    0xfc, 0xf, 0xff, 0xff, 0xff, 0xff, 0x3, 0xff,
    0xff, 0xff, 0xff, 0xc0, 0xff, 0xff, 0xff, 0xff,
    0xf0, 0x3f, 0xff, 0xff, 0xff, 0xfc, 0xf, 0xff,
    0xff, 0xff, 0xff, 0x3, 0xff, 0xff, 0x3, 0xff,
    0xff, 0xff, 0xf0, 0x0, 0xff, 0xff, 0xff, 0xfc,
    0x0, 0x3f, 0xff, 0xff, 0xff, 0x0, 0xf, 0xff,
    0xff, 0xff, 0xc0, 0x3, 0xff, 0xff, 0xff, 0xf0,
    0x0, 0xff, 0xff, 0xff, 0xfc, 0x0, 0x0, 0xff,
    0xff, 0xc0, 0x0, 0x0, 0x3f, 0xff, 0xf0, 0x0,
    0x0, 0xf, 0xff, 0xfc, 0x0, 0x0, 0x3, 0xff,
    0xff, 0x0, 0x0, 0x0, 0xff, 0xff, 0xc0, 0x0,
    0x0, 0x3f, 0xff, 0xf0, 0x0, 0x0, 0x0, 0x3f,
    0x0, 0x0, 0x0, 0x0, 0xf, 0xc0, 0x0, 0x0,
    0x0, 0x3, 0xf0, 0x0, 0x0, 0x0, 0x0, 0xfc,
    0x0, 0x0, 0x0, 0x0, 0x3f, 0x0, 0x0, 0x0,
    0x0, 0xf, 0xc0, 0x0, 0x0,

    /* U+0057 "W" */
    0xff, 0xf0, 0x3f, 0x3, 0xff, 0xff, 0xfc, 0xf,
    0xc0, 0xff, 0xff, 0xff, 0x3, 0xf0, 0x3f, 0xff,
    0xff, 0xc0, 0xfc, 0xf, 0xff, 0xff, 0xf0, 0x3f,
    0x3, 0xff, 0xff, 0xfc, 0xf, 0xc0, 0xff, 0xff,
    0xff, 0x3, 0xf0, 0x3f, 0xff, 0xff, 0xc0, 0xfc,
    0xf, 0xff, 0xff, 0xf0, 0x3f, 0x3, 0xff, 0xff,
    0xfc, 0xf, 0xc0, 0xff, 0xff, 0xff, 0x3, 0xf0,
    0x3f, 0xff, 0xff, 0xc0, 0xfc, 0xf, 0xff, 0xff,
    0xf0, 0x3f, 0x3, 0xff, 0xff, 0xfc, 0xf, 0xc0,
    0xff, 0xff, 0xff, 0x3, 0xf0, 0x3f, 0xff, 0xff,
    0xc0, 0xfc, 0xf, 0xff, 0xff, 0xf0, 0x3f, 0x3,
    0xff, 0xff, 0xfc, 0xf, 0xc0, 0xff, 0xff, 0xff,
    0x3, 0xf0, 0x3f, 0xff, 0xff, 0xc0, 0xfc, 0xf,
    0xff, 0xff, 0xf0, 0x3f, 0x3, 0xff, 0xff, 0xfc,
    0xf, 0xc0, 0xff, 0xff, 0xff, 0x3, 0xf0, 0x3f,
    0xff, 0xff, 0xc0, 0xfc, 0xf, 0xff, 0xff, 0xff,
    0xff, 0xff, 0xff, 0xff, 0xff, 0xff, 0xff, 0xff,
    0xff, 0xff, 0xff, 0xff, 0xff, 0xff, 0xff, 0xff,
    0xff, 0xff, 0xff, 0xff, 0xff, 0xff, 0xff, 0xff,
    0xff, 0xff, 0xff, 0xff, 0xff, 0xff, 0xff, 0xfc,
    0xf, 0xff, 0xff, 0xff, 0xff, 0x3, 0xff, 0xff,
    0xff, 0xff, 0xc0, 0xff, 0xff, 0xff, 0xff, 0xf0,
    0x3f, 0xff, 0xff, 0xff, 0xfc, 0xf, 0xff, 0xff,
    0xff, 0xff, 0x3, 0xff, 0xff, 0x3, 0xf0, 0x0,
    0x3, 0xf0, 0x0, 0xfc, 0x0, 0x0, 0xfc, 0x0,
    0x3f, 0x0, 0x0, 0x3f, 0x0, 0xf, 0xc0, 0x0,
    0xf, 0xc0, 0x3, 0xf0, 0x0, 0x3, 0xf0, 0x0,
    0xfc, 0x0, 0x0, 0xfc, 0x0,

    /* U+0058 "X" */
    0xff, 0xf0, 0x0, 0x3, 0xff, 0xff, 0xfc, 0x0,
    0x0, 0xff, 0xff, 0xff, 0x0, 0x0, 0x3f, 0xff,
    0xff, 0xc0, 0x0, 0xf, 0xff, 0xff, 0xf0, 0x0,
    0x3, 0xff, 0xff, 0xfc, 0x0, 0x0, 0xff, 0xff,
    0xff, 0x0, 0x0, 0x3f, 0xff, 0xff, 0xc0, 0x0,
    0xf, 0xff, 0xff, 0xf0, 0x0, 0x3, 0xff, 0xff,
    0xfc, 0x0, 0x0, 0xff, 0xff, 0xff, 0x0, 0x0,
    0x3f, 0xff, 0xff, 0xc0, 0x0, 0xf, 0xff, 0x3,
    0xff, 0xc0, 0xff, 0xf0, 0x0, 0xff, 0xf0, 0x3f,
    0xfc, 0x0, 0x3f, 0xfc, 0xf, 0xff, 0x0, 0xf,
    0xff, 0x3, 0xff, 0xc0, 0x3, 0xff, 0xc0, 0xff,
    0xf0, 0x0, 0xff, 0xf0, 0x3f, 0xfc, 0x0, 0x0,
    0xff, 0xff, 0xc0, 0x0, 0x0, 0x3f, 0xff, 0xf0,
    0x0, 0x0, 0xf, 0xff, 0xfc, 0x0, 0x0, 0x3,
    0xff, 0xff, 0x0, 0x0, 0x0, 0xff, 0xff, 0xc0,
    0x0, 0x0, 0x3f, 0xff, 0xf0, 0x0, 0x3, 0xff,
    0xc0, 0xff, 0xf0, 0x0, 0xff, 0xf0, 0x3f, 0xfc,
    0x0, 0x3f, 0xfc, 0xf, 0xff, 0x0, 0xf, 0xff,
    0x3, 0xff, 0xc0, 0x3, 0xff, 0xc0, 0xff, 0xf0,
    0x0, 0xff, 0xf0, 0x3f, 0xfc, 0xf, 0xff, 0x0,
    0x0, 0x3f, 0xff, 0xff, 0xc0, 0x0, 0xf, 0xff,
    0xff, 0xf0, 0x0, 0x3, 0xff, 0xff, 0xfc, 0x0,
    0x0, 0xff, 0xff, 0xff, 0x0, 0x0, 0x3f, 0xff,
    0xff, 0xc0, 0x0, 0xf, 0xff, 0xff, 0xf0, 0x0,
    0x3, 0xff, 0xff, 0xfc, 0x0, 0x0, 0xff, 0xff,
    0xff, 0x0, 0x0, 0x3f, 0xff, 0xff, 0xc0, 0x0,
    0xf, 0xff, 0xff, 0xf0, 0x0, 0x3, 0xff, 0xff,
    0xfc, 0x0, 0x0, 0xff, 0xf0,

    /* U+0059 "Y" */
    0xff, 0xf0, 0x0, 0xff, 0xff, 0xff, 0x0, 0xf,
    0xff, 0xff, 0xf0, 0x0, 0xff, 0xff, 0xff, 0x0,
    0xf, 0xff, 0xff, 0xf0, 0x0, 0xff, 0xff, 0xff,
    0x0, 0xf, 0xff, 0xff, 0xf0, 0x0, 0xff, 0xff,
    0xff, 0x0, 0xf, 0xff, 0xff, 0xf0, 0x0, 0xff,
    0xff, 0xff, 0x0, 0xf, 0xff, 0xff, 0xf0, 0x0,
    0xff, 0xff, 0xff, 0x0, 0xf, 0xff, 0xff, 0xf0,
    0x0, 0xff, 0xff, 0xff, 0x0, 0xf, 0xff, 0xff,
    0xf0, 0x0, 0xff, 0xff, 0xff, 0x0, 0xf, 0xff,
    0xff, 0xf0, 0x0, 0xff, 0xff, 0xff, 0x0, 0xf,
    0xff, 0x3, 0xff, 0xff, 0xfc, 0x0, 0x3f, 0xff,
    0xff, 0xc0, 0x3, 0xff, 0xff, 0xfc, 0x0, 0x3f,
    0xff, 0xff, 0xc0, 0x3, 0xff, 0xff, 0xfc, 0x0,
    0x3f, 0xff, 0xff, 0xc0, 0x0, 0xf, 0xff, 0x0,
    0x0, 0x0, 0xff, 0xf0, 0x0, 0x0, 0xf, 0xff,
    0x0, 0x0, 0x0, 0xff, 0xf0, 0x0, 0x0, 0xf,
    0xff, 0x0, 0x0, 0x0, 0xff, 0xf0, 0x0, 0x0,
    0xf, 0xff, 0x0, 0x0, 0x0, 0xff, 0xf0, 0x0,
    0x0, 0xf, 0xff, 0x0, 0x0, 0x0, 0xff, 0xf0,
    0x0, 0x0, 0xf, 0xff, 0x0, 0x0, 0x0, 0xff,
    0xf0, 0x0, 0x0, 0xf, 0xff, 0x0, 0x0, 0x0,
    0xff, 0xf0, 0x0, 0x0, 0xf, 0xff, 0x0, 0x0,
    0x0, 0xff, 0xf0, 0x0, 0x0, 0xf, 0xff, 0x0,
    0x0, 0x0, 0xff, 0xf0, 0x0,

    /* U+005A "Z" */
    0xff, 0xff, 0xff, 0xff, 0xff, 0xff, 0xff, 0xff,
    0xff, 0xff, 0xff, 0xff, 0xff, 0xff, 0xff, 0xff,
    0xff, 0xff, 0xff, 0xff, 0xff, 0xff, 0xff, 0xff,
    0xff, 0xff, 0xff, 0xff, 0xff, 0xff, 0xff, 0xf0,
    0x0, 0x0, 0xf, 0xff, 0xfc, 0x0, 0x0, 0x3,
    0xff, 0xff, 0x0, 0x0, 0x0, 0xff, 0xff, 0xc0,
    0x0, 0x0, 0x3f, 0xff, 0xf0, 0x0, 0x0, 0xf,
    0xff, 0xfc, 0x0, 0x0, 0x3, 0xff, 0xff, 0x0,
    0x0, 0x3f, 0xff, 0xf0, 0x0, 0x0, 0xf, 0xff,
    0xfc, 0x0, 0x0, 0x3, 0xff, 0xff, 0x0, 0x0,
    0x0, 0xff, 0xff, 0xc0, 0x0, 0x0, 0x3f, 0xff,
    0xf0, 0x0, 0x0, 0xf, 0xff, 0xfc, 0x0, 0x0,
    0xff, 0xff, 0xc0, 0x0, 0x0, 0x3f, 0xff, 0xf0,
    0x0, 0x0, 0xf, 0xff, 0xfc, 0x0, 0x0, 0x3,
    0xff, 0xff, 0x0, 0x0, 0x0, 0xff, 0xff, 0xc0,
    0x0, 0x0, 0x3f, 0xff, 0xf0, 0x0, 0x3, 0xff,
    0xff, 0x0, 0x0, 0x0, 0xff, 0xff, 0xc0, 0x0,
    0x0, 0x3f, 0xff, 0xf0, 0x0, 0x0, 0xf, 0xff,
    0xfc, 0x0, 0x0, 0x3, 0xff, 0xff, 0x0, 0x0,
    0x0, 0xff, 0xff, 0xc0, 0x0, 0xf, 0xff, 0xfc,
    0x0, 0x0, 0x3, 0xff, 0xff, 0x0, 0x0, 0x0,
    0xff, 0xff, 0xc0, 0x0, 0x0, 0x3f, 0xff, 0xf0,
    0x0, 0x0, 0xf, 0xff, 0xfc, 0x0, 0x0, 0x3,
    0xff, 0xff, 0x0, 0x0, 0x0, 0xff, 0xff, 0xff,
    0xff, 0xff, 0xff, 0xff, 0xff, 0xff, 0xff, 0xff,
    0xff, 0xff, 0xff, 0xff, 0xff, 0xff, 0xff, 0xff,
    0xff, 0xff, 0xff, 0xff, 0xff, 0xff, 0xff, 0xff,
    0xff, 0xff, 0xff, 0xff, 0xf0,

    /* U+005B "[" */
    0xff, 0xff, 0xff, 0xff, 0xff, 0xff, 0xff, 0xff,
    0xff, 0xff, 0xff, 0xff, 0xff, 0xff, 0xff, 0xff,
    0xff, 0xff, 0xff, 0xf0, 0x0, 0xff, 0xf0, 0x0,
    0xff, 0xf0, 0x0, 0xff, 0xf0, 0x0, 0xff, 0xf0,
    0x0, 0xff, 0xf0, 0x0, 0xff, 0xf0, 0x0, 0xff,
    0xf0, 0x0, 0xff, 0xf0, 0x0, 0xff, 0xf0, 0x0,
    0xff, 0xf0, 0x0, 0xff, 0xf0, 0x0, 0xff, 0xf0,
    0x0, 0xff, 0xf0, 0x0, 0xff, 0xf0, 0x0, 0xff,
    0xf0, 0x0, 0xff, 0xf0, 0x0, 0xff, 0xf0, 0x0,
    0xff, 0xf0, 0x0, 0xff, 0xf0, 0x0, 0xff, 0xf0,
    0x0, 0xff, 0xf0, 0x0, 0xff, 0xf0, 0x0, 0xff,
    0xf0, 0x0, 0xff, 0xf0, 0x0, 0xff, 0xf0, 0x0,
    0xff, 0xf0, 0x0, 0xff, 0xf0, 0x0, 0xff, 0xf0,
    0x0, 0xff, 0xf0, 0x0, 0xff, 0xff, 0xff, 0xff,
    0xff, 0xff, 0xff, 0xff, 0xff, 0xff, 0xff, 0xff,
    0xff, 0xff, 0xff, 0xff, 0xff, 0xff,

    /* U+005C "\\" */
    0xfc, 0x0, 0x0, 0x0, 0x0, 0x3f, 0x0, 0x0,
    0x0, 0x0, 0xf, 0xc0, 0x0, 0x0, 0x0, 0x3,
    0xf0, 0x0, 0x0, 0x0, 0x0, 0xfc, 0x0, 0x0,
    0x0, 0x0, 0x3f, 0x0, 0x0, 0x0, 0x0, 0x0,
    0x3f, 0x0, 0x0, 0x0, 0x0, 0xf, 0xc0, 0x0,
    0x0, 0x0, 0x3, 0xf0, 0x0, 0x0, 0x0, 0x0,
    0xfc, 0x0, 0x0, 0x0, 0x0, 0x3f, 0x0, 0x0,
    0x0, 0x0, 0xf, 0xc0, 0x0, 0x0, 0x0, 0x0,
    0xf, 0xc0, 0x0, 0x0, 0x0, 0x3, 0xf0, 0x0,
    0x0, 0x0, 0x0, 0xfc, 0x0, 0x0, 0x0, 0x0,
    0x3f, 0x0, 0x0, 0x0, 0x0, 0xf, 0xc0, 0x0,
    0x0, 0x0, 0x3, 0xf0, 0x0, 0x0, 0x0, 0x0,
    0x3, 0xf0, 0x0, 0x0, 0x0, 0x0, 0xfc, 0x0,
    0x0, 0x0, 0x0, 0x3f, 0x0, 0x0, 0x0, 0x0,
    0xf, 0xc0, 0x0, 0x0, 0x0, 0x3, 0xf0, 0x0,
    0x0, 0x0, 0x0, 0xfc, 0x0, 0x0, 0x0, 0x0,
    0x0, 0xfc, 0x0, 0x0, 0x0, 0x0, 0x3f, 0x0,
    0x0, 0x0, 0x0, 0xf, 0xc0, 0x0, 0x0, 0x0,
    0x3, 0xf0, 0x0, 0x0, 0x0, 0x0, 0xfc, 0x0,
    0x0, 0x0, 0x0, 0x3f, 0x0, 0x0, 0x0, 0x0,
    0x0, 0x3f, 0x0, 0x0, 0x0, 0x0, 0xf, 0xc0,
    0x0, 0x0, 0x0, 0x3, 0xf0, 0x0, 0x0, 0x0,
    0x0, 0xfc, 0x0, 0x0, 0x0, 0x0, 0x3f, 0x0,
    0x0, 0x0, 0x0, 0xf, 0xc0, 0x0, 0x0, 0x0,
    0x0, 0xf, 0xc0, 0x0, 0x0, 0x0, 0x3, 0xf0,
    0x0, 0x0, 0x0, 0x0, 0xfc, 0x0, 0x0, 0x0,
    0x0, 0x3f, 0x0, 0x0, 0x0, 0x0, 0xf, 0xc0,
    0x0, 0x0, 0x0, 0x3, 0xf0,

    /* U+005D "]" */
    0xff, 0xff, 0xff, 0xff, 0xff, 0xff, 0xff, 0xff,
    0xff, 0xff, 0xff, 0xff, 0xff, 0xff, 0xff, 0xff,
    0xff, 0xff, 0x0, 0xf, 0xff, 0x0, 0xf, 0xff,
    0x0, 0xf, 0xff, 0x0, 0xf, 0xff, 0x0, 0xf,
    0xff, 0x0, 0xf, 0xff, 0x0, 0xf, 0xff, 0x0,
    0xf, 0xff, 0x0, 0xf, 0xff, 0x0, 0xf, 0xff,
    0x0, 0xf, 0xff, 0x0, 0xf, 0xff, 0x0, 0xf,
    0xff, 0x0, 0xf, 0xff, 0x0, 0xf, 0xff, 0x0,
    0xf, 0xff, 0x0, 0xf, 0xff, 0x0, 0xf, 0xff,
    0x0, 0xf, 0xff, 0x0, 0xf, 0xff, 0x0, 0xf,
    0xff, 0x0, 0xf, 0xff, 0x0, 0xf, 0xff, 0x0,
    0xf, 0xff, 0x0, 0xf, 0xff, 0x0, 0xf, 0xff,
    0x0, 0xf, 0xff, 0x0, 0xf, 0xff, 0x0, 0xf,
    0xff, 0x0, 0xf, 0xff, 0xff, 0xff, 0xff, 0xff,
    0xff, 0xff, 0xff, 0xff, 0xff, 0xff, 0xff, 0xff,
    0xff, 0xff, 0xff, 0xff, 0xff, 0xff,

    /* U+005E "^" */
    0x3, 0xff, 0xff, 0x0, 0xf, 0xff, 0xfc, 0x0,
    0x3f, 0xff, 0xf0, 0x0, 0xff, 0xff, 0xc0, 0x3,
    0xff, 0xff, 0x0, 0xf, 0xff, 0xfc, 0xf, 0xff,
    0x3, 0xff, 0xff, 0xfc, 0xf, 0xff, 0xff, 0xf0,
    0x3f, 0xff, 0xff, 0xc0, 0xff, 0xff, 0xff, 0x3,
    0xff, 0xff, 0xfc, 0xf, 0xff,

    /* U+005F "_" */
    0xff, 0xff, 0xff, 0xff, 0xff, 0xff, 0xff, 0xff,
    0xff, 0xff, 0xff, 0xff, 0xff, 0xff, 0xff, 0xff,
    0xff, 0xff, 0xff, 0xff, 0xff, 0xff, 0xff, 0xff,
    0xff, 0xff, 0xff, 0xff, 0xff, 0xff, 0xff, 0xf0,

    /* U+0060 "`" */
    0xfc, 0xf, 0xc0, 0xfc, 0xf, 0xc0, 0xfc, 0xf,
    0xc0, 0x3, 0xf0, 0x3f, 0x3, 0xf0, 0x3f, 0x3,
    0xf0, 0x3f,

    /* U+0061 "a" */
    0x3, 0xff, 0xff, 0xff, 0xf0, 0x0, 0xff, 0xff,
    0xff, 0xfc, 0x0, 0x3f, 0xff, 0xff, 0xff, 0x0,
    0xf, 0xff, 0xff, 0xff, 0xc0, 0x3, 0xff, 0xff,
    0xff, 0xf0, 0x0, 0xff, 0xff, 0xff, 0xfc, 0x0,
    0x0, 0x0, 0x0, 0x3f, 0xfc, 0x0, 0x0, 0x0,
    0xf, 0xff, 0x0, 0x0, 0x0, 0x3, 0xff, 0xc0,
    0x0, 0x0, 0x0, 0xff, 0xf0, 0x0, 0x0, 0x0,
    0x3f, 0xfc, 0x0, 0x0, 0x0, 0xf, 0xff, 0x3,
    0xff, 0xff, 0xff, 0xff, 0xc0, 0xff, 0xff, 0xff,
    0xff, 0xf0, 0x3f, 0xff, 0xff, 0xff, 0xfc, 0xf,
    0xff, 0xff, 0xff, 0xff, 0x3, 0xff, 0xff, 0xff,
    0xff, 0xc0, 0xff, 0xff, 0xff, 0xff, 0xff, 0xff,
    0x0, 0x0, 0x3f, 0xff, 0xff, 0xc0, 0x0, 0xf,
    0xff, 0xff, 0xf0, 0x0, 0x3, 0xff, 0xff, 0xfc,
    0x0, 0x0, 0xff, 0xff, 0xff, 0x0, 0x0, 0x3f,
    0xff, 0xff, 0xc0, 0x0, 0xf, 0xff, 0x3, 0xff,
    0xff, 0xff, 0xff, 0xc0, 0xff, 0xff, 0xff, 0xff,
    0xf0, 0x3f, 0xff, 0xff, 0xff, 0xfc, 0xf, 0xff,
    0xff, 0xff, 0xff, 0x3, 0xff, 0xff, 0xff, 0xff,
    0xc0, 0xff, 0xff, 0xff, 0xff, 0xf0,

    /* U+0062 "b" */
    0xff, 0xf0, 0x0, 0x0, 0x0, 0x3f, 0xfc, 0x0,
    0x0, 0x0, 0xf, 0xff, 0x0, 0x0, 0x0, 0x3,
    0xff, 0xc0, 0x0, 0x0, 0x0, 0xff, 0xf0, 0x0,
    0x0, 0x0, 0x3f, 0xfc, 0x0, 0x0, 0x0, 0xf,
    0xff, 0x0, 0x0, 0x0, 0x3, 0xff, 0xc0, 0x0,
    0x0, 0x0, 0xff, 0xf0, 0x0, 0x0, 0x0, 0x3f,
    0xfc, 0x0, 0x0, 0x0, 0xf, 0xff, 0x0, 0x0,
    0x0, 0x3, 0xff, 0xc0, 0x0, 0x0, 0x0, 0xff,
    0xff, 0xff, 0xff, 0xf0, 0x3f, 0xff, 0xff, 0xff,
    0xfc, 0xf, 0xff, 0xff, 0xff, 0xff, 0x3, 0xff,
    0xff, 0xff, 0xff, 0xc0, 0xff, 0xff, 0xff, 0xff,
    0xf0, 0x3f, 0xff, 0xff, 0xff, 0xfc, 0xf, 0xff,
    0x0, 0x0, 0x3f, 0xff, 0xff, 0xc0, 0x0, 0xf,
    0xff, 0xff, 0xf0, 0x0, 0x3, 0xff, 0xff, 0xfc,
    0x0, 0x0, 0xff, 0xff, 0xff, 0x0, 0x0, 0x3f,
    0xff, 0xff, 0xc0, 0x0, 0xf, 0xff, 0xff, 0xf0,
    0x0, 0x3, 0xff, 0xff, 0xfc, 0x0, 0x0, 0xff,
    0xff, 0xff, 0x0, 0x0, 0x3f, 0xff, 0xff, 0xc0,
    0x0, 0xf, 0xff, 0xff, 0xf0, 0x0, 0x3, 0xff,
    0xff, 0xfc, 0x0, 0x0, 0xff, 0xff, 0xff, 0x0,
    0x0, 0x3f, 0xff, 0xff, 0xc0, 0x0, 0xf, 0xff,
    0xff, 0xf0, 0x0, 0x3, 0xff, 0xff, 0xfc, 0x0,
    0x0, 0xff, 0xff, 0xff, 0x0, 0x0, 0x3f, 0xff,
    0xff, 0xc0, 0x0, 0xf, 0xff, 0x3, 0xff, 0xff,
    0xff, 0xf0, 0x0, 0xff, 0xff, 0xff, 0xfc, 0x0,
    0x3f, 0xff, 0xff, 0xff, 0x0, 0xf, 0xff, 0xff,
    0xff, 0xc0, 0x3, 0xff, 0xff, 0xff, 0xf0, 0x0,
    0xff, 0xff, 0xff, 0xfc, 0x0,

    /* U+0063 "c" */
    0x3, 0xff, 0xff, 0xff, 0xff, 0xc0, 0xff, 0xff,
    0xff, 0xff, 0xf0, 0x3f, 0xff, 0xff, 0xff, 0xfc,
    0xf, 0xff, 0xff, 0xff, 0xff, 0x3, 0xff, 0xff,
    0xff, 0xff, 0xc0, 0xff, 0xff, 0xff, 0xff, 0xff,
    0xff, 0x0, 0x0, 0x0, 0x3, 0xff, 0xc0, 0x0,
    0x0, 0x0, 0xff, 0xf0, 0x0, 0x0, 0x0, 0x3f,
    0xfc, 0x0, 0x0, 0x0, 0xf, 0xff, 0x0, 0x0,
    0x0, 0x3, 0xff, 0xc0, 0x0, 0x0, 0x0, 0xff,
    0xf0, 0x0, 0x0, 0x0, 0x3f, 0xfc, 0x0, 0x0,
    0x0, 0xf, 0xff, 0x0, 0x0, 0x0, 0x3, 0xff,
    0xc0, 0x0, 0x0, 0x0, 0xff, 0xf0, 0x0, 0x0,
    0x0, 0x3f, 0xfc, 0x0, 0x0, 0x0, 0xf, 0xff,
    0x0, 0x0, 0x0, 0x3, 0xff, 0xc0, 0x0, 0x0,
    0x0, 0xff, 0xf0, 0x0, 0x0, 0x0, 0x3f, 0xfc,
    0x0, 0x0, 0x0, 0xf, 0xff, 0x0, 0x0, 0x0,
    0x3, 0xff, 0xc0, 0x0, 0x0, 0x0, 0x3, 0xff,
    0xff, 0xff, 0xff, 0xc0, 0xff, 0xff, 0xff, 0xff,
    0xf0, 0x3f, 0xff, 0xff, 0xff, 0xfc, 0xf, 0xff,
    0xff, 0xff, 0xff, 0x3, 0xff, 0xff, 0xff, 0xff,
    0xc0, 0xff, 0xff, 0xff, 0xff, 0xf0,

    /* U+0064 "d" */
    0x0, 0x0, 0x0, 0x3, 0xff, 0xc0, 0x0, 0x0,
    0x0, 0xff, 0xf0, 0x0, 0x0, 0x0, 0x3f, 0xfc,
    0x0, 0x0, 0x0, 0xf, 0xff, 0x0, 0x0, 0x0,
    0x3, 0xff, 0xc0, 0x0, 0x0, 0x0, 0xff, 0xf0,
    0x0, 0x0, 0x0, 0x3f, 0xfc, 0x0, 0x0, 0x0,
    0xf, 0xff, 0x0, 0x0, 0x0, 0x3, 0xff, 0xc0,
    0x0, 0x0, 0x0, 0xff, 0xf0, 0x0, 0x0, 0x0,
    0x3f, 0xfc, 0x0, 0x0, 0x0, 0xf, 0xff, 0x3,
    0xff, 0xff, 0xff, 0xff, 0xc0, 0xff, 0xff, 0xff,
    0xff, 0xf0, 0x3f, 0xff, 0xff, 0xff, 0xfc, 0xf,
    0xff, 0xff, 0xff, 0xff, 0x3, 0xff, 0xff, 0xff,
    0xff, 0xc0, 0xff, 0xff, 0xff, 0xff, 0xff, 0xff,
    0x0, 0x0, 0x3f, 0xff, 0xff, 0xc0, 0x0, 0xf,
    0xff, 0xff, 0xf0, 0x0, 0x3, 0xff, 0xff, 0xfc,
    0x0, 0x0, 0xff, 0xff, 0xff, 0x0, 0x0, 0x3f,
    0xff, 0xff, 0xc0, 0x0, 0xf, 0xff, 0xff, 0xf0,
    0x0, 0x3, 0xff, 0xff, 0xfc, 0x0, 0x0, 0xff,
    0xff, 0xff, 0x0, 0x0, 0x3f, 0xff, 0xff, 0xc0,
    0x0, 0xf, 0xff, 0xff, 0xf0, 0x0, 0x3, 0xff,
    0xff, 0xfc, 0x0, 0x0, 0xff, 0xff, 0xff, 0x0,
    0x0, 0x3f, 0xff, 0xff, 0xc0, 0x0, 0xf, 0xff,
    0xff, 0xf0, 0x0, 0x3, 0xff, 0xff, 0xfc, 0x0,
    0x0, 0xff, 0xff, 0xff, 0x0, 0x0, 0x3f, 0xff,
    0xff, 0xc0, 0x0, 0xf, 0xff, 0x3, 0xff, 0xff,
    0xff, 0xff, 0xc0, 0xff, 0xff, 0xff, 0xff, 0xf0,
    0x3f, 0xff, 0xff, 0xff, 0xfc, 0xf, 0xff, 0xff,
    0xff, 0xff, 0x3, 0xff, 0xff, 0xff, 0xff, 0xc0,
    0xff, 0xff, 0xff, 0xff, 0xf0,

    /* U+0065 "e" */
    0x3, 0xff, 0xff, 0xff, 0xf0, 0x0, 0xff, 0xff,
    0xff, 0xfc, 0x0, 0x3f, 0xff, 0xff, 0xff, 0x0,
    0xf, 0xff, 0xff, 0xff, 0xc0, 0x3, 0xff, 0xff,
    0xff, 0xf0, 0x0, 0xff, 0xff, 0xff, 0xfc, 0xf,
    0xff, 0x0, 0x0, 0x3f, 0xff, 0xff, 0xc0, 0x0,
    0xf, 0xff, 0xff, 0xf0, 0x0, 0x3, 0xff, 0xff,
    0xfc, 0x0, 0x0, 0xff, 0xff, 0xff, 0x0, 0x0,
    0x3f, 0xff, 0xff, 0xc0, 0x0, 0xf, 0xff, 0xff,
    0xff, 0xff, 0xff, 0xff, 0xff, 0xff, 0xff, 0xff,
    0xff, 0xff, 0xff, 0xff, 0xff, 0xff, 0xff, 0xff,
    0xff, 0xff, 0xff, 0xff, 0xff, 0xff, 0xff, 0xff,
    0xff, 0xff, 0xff, 0xff, 0xff, 0xff, 0xff, 0xff,
    0x0, 0x0, 0x0, 0x3, 0xff, 0xc0, 0x0, 0x0,
    0x0, 0xff, 0xf0, 0x0, 0x0, 0x0, 0x3f, 0xfc,
    0x0, 0x0, 0x0, 0xf, 0xff, 0x0, 0x0, 0x0,
    0x3, 0xff, 0xc0, 0x0, 0x0, 0x0, 0x3, 0xff,
    0xff, 0xff, 0xf0, 0x0, 0xff, 0xff, 0xff, 0xfc,
    0x0, 0x3f, 0xff, 0xff, 0xff, 0x0, 0xf, 0xff,
    0xff, 0xff, 0xc0, 0x3, 0xff, 0xff, 0xff, 0xf0,
    0x0, 0xff, 0xff, 0xff, 0xfc, 0x0,

    /* U+0066 "f" */
    0x0, 0x0, 0x3f, 0xff, 0xf0, 0x0, 0x3, 0xff,
    0xff, 0x0, 0x0, 0x3f, 0xff, 0xf0, 0x0, 0x3,
    0xff, 0xff, 0x0, 0x0, 0x3f, 0xff, 0xf0, 0x0,
    0x3, 0xff, 0xff, 0x0, 0xf, 0xff, 0x0, 0x0,
    0x0, 0xff, 0xf0, 0x0, 0x0, 0xf, 0xff, 0x0,
    0x0, 0x0, 0xff, 0xf0, 0x0, 0x0, 0xf, 0xff,
    0x0, 0x0, 0x0, 0xff, 0xf0, 0x0, 0xff, 0xff,
    0xff, 0xff, 0xff, 0xff, 0xff, 0xff, 0xff, 0xff,
    0xff, 0xff, 0xff, 0xff, 0xff, 0xff, 0xff, 0xff,
    0xff, 0xff, 0xff, 0xff, 0xff, 0xff, 0xff, 0xff,
    0xff, 0x0, 0xf, 0xff, 0x0, 0x0, 0x0, 0xff,
    0xf0, 0x0, 0x0, 0xf, 0xff, 0x0, 0x0, 0x0,
    0xff, 0xf0, 0x0, 0x0, 0xf, 0xff, 0x0, 0x0,
    0x0, 0xff, 0xf0, 0x0, 0x0, 0xf, 0xff, 0x0,
    0x0, 0x0, 0xff, 0xf0, 0x0, 0x0, 0xf, 0xff,
    0x0, 0x0, 0x0, 0xff, 0xf0, 0x0, 0x0, 0xf,
    0xff, 0x0, 0x0, 0x0, 0xff, 0xf0, 0x0, 0x0,
    0xf, 0xff, 0x0, 0x0, 0x0, 0xff, 0xf0, 0x0,
    0x0, 0xf, 0xff, 0x0, 0x0, 0x0, 0xff, 0xf0,
    0x0, 0x0, 0xf, 0xff, 0x0, 0x0, 0x0, 0xff,
    0xf0, 0x0, 0x0, 0xf, 0xff, 0x0, 0x0, 0x0,
    0xff, 0xf0, 0x0, 0x0, 0xf, 0xff, 0x0, 0x0,
    0x0, 0xff, 0xf0, 0x0, 0x0, 0xf, 0xff, 0x0,
    0x0, 0x0, 0xff, 0xf0, 0x0,

    /* U+0067 "g" */
    0x3, 0xff, 0xff, 0xff, 0xff, 0xc0, 0xff, 0xff,
    0xff, 0xff, 0xf0, 0x3f, 0xff, 0xff, 0xff, 0xfc,
    0xf, 0xff, 0xff, 0xff, 0xff, 0x3, 0xff, 0xff,
    0xff, 0xff, 0xc0, 0xff, 0xff, 0xff, 0xff, 0xff,
    0xff, 0x0, 0x0, 0x3f, 0xff, 0xff, 0xc0, 0x0,
    0xf, 0xff, 0xff, 0xf0, 0x0, 0x3, 0xff, 0xff,
    0xfc, 0x0, 0x0, 0xff, 0xff, 0xff, 0x0, 0x0,
    0x3f, 0xff, 0xff, 0xc0, 0x0, 0xf, 0xff, 0xff,
    0xf0, 0x0, 0x3, 0xff, 0xff, 0xfc, 0x0, 0x0,
    0xff, 0xff, 0xff, 0x0, 0x0, 0x3f, 0xff, 0xff,
    0xc0, 0x0, 0xf, 0xff, 0xff, 0xf0, 0x0, 0x3,
    0xff, 0xff, 0xfc, 0x0, 0x0, 0xff, 0xf0, 0x3f,
    0xff, 0xff, 0xff, 0xfc, 0xf, 0xff, 0xff, 0xff,
    0xff, 0x3, 0xff, 0xff, 0xff, 0xff, 0xc0, 0xff,
    0xff, 0xff, 0xff, 0xf0, 0x3f, 0xff, 0xff, 0xff,
    0xfc, 0xf, 0xff, 0xff, 0xff, 0xff, 0x0, 0x0,
    0x0, 0x3, 0xff, 0xc0, 0x0, 0x0, 0x0, 0xff,
    0xf0, 0x0, 0x0, 0x0, 0x3f, 0xfc, 0x0, 0x0,
    0x0, 0xf, 0xff, 0x0, 0x0, 0x0, 0x3, 0xff,
    0xc0, 0x0, 0x0, 0x0, 0xff, 0xf0, 0x3f, 0xff,
    0xff, 0xff, 0x0, 0xf, 0xff, 0xff, 0xff, 0xc0,
    0x3, 0xff, 0xff, 0xff, 0xf0, 0x0, 0xff, 0xff,
    0xff, 0xfc, 0x0, 0x3f, 0xff, 0xff, 0xff, 0x0,
    0xf, 0xff, 0xff, 0xff, 0xc0,

    /* U+0068 "h" */
    0xff, 0xf0, 0x0, 0x0, 0x0, 0x3f, 0xfc, 0x0,
    0x0, 0x0, 0xf, 0xff, 0x0, 0x0, 0x0, 0x3,
    0xff, 0xc0, 0x0, 0x0, 0x0, 0xff, 0xf0, 0x0,
    0x0, 0x0, 0x3f, 0xfc, 0x0, 0x0, 0x0, 0xf,
    0xff, 0x0, 0x0, 0x0, 0x3, 0xff, 0xc0, 0x0,
    0x0, 0x0, 0xff, 0xf0, 0x0, 0x0, 0x0, 0x3f,
    0xfc, 0x0, 0x0, 0x0, 0xf, 0xff, 0x0, 0x0,
    0x0, 0x3, 0xff, 0xc0, 0x0, 0x0, 0x0, 0xff,
    0xff, 0xff, 0xff, 0xf0, 0x3f, 0xff, 0xff, 0xff,
    0xfc, 0xf, 0xff, 0xff, 0xff, 0xff, 0x3, 0xff,
    0xff, 0xff, 0xff, 0xc0, 0xff, 0xff, 0xff, 0xff,
    0xf0, 0x3f, 0xff, 0xff, 0xff, 0xfc, 0xf, 0xff,
    0x0, 0x0, 0x3f, 0xff, 0xff, 0xc0, 0x0, 0xf,
    0xff, 0xff, 0xf0, 0x0, 0x3, 0xff, 0xff, 0xfc,
    0x0, 0x0, 0xff, 0xff, 0xff, 0x0, 0x0, 0x3f,
    0xff, 0xff, 0xc0, 0x0, 0xf, 0xff, 0xff, 0xf0,
    0x0, 0x3, 0xff, 0xff, 0xfc, 0x0, 0x0, 0xff,
    0xff, 0xff, 0x0, 0x0, 0x3f, 0xff, 0xff, 0xc0,
    0x0, 0xf, 0xff, 0xff, 0xf0, 0x0, 0x3, 0xff,
    0xff, 0xfc, 0x0, 0x0, 0xff, 0xff, 0xff, 0x0,
    0x0, 0x3f, 0xff, 0xff, 0xc0, 0x0, 0xf, 0xff,
    0xff, 0xf0, 0x0, 0x3, 0xff, 0xff, 0xfc, 0x0,
    0x0, 0xff, 0xff, 0xff, 0x0, 0x0, 0x3f, 0xff,
    0xff, 0xc0, 0x0, 0xf, 0xff, 0xff, 0xf0, 0x0,
    0x3, 0xff, 0xff, 0xfc, 0x0, 0x0, 0xff, 0xff,
    0xff, 0x0, 0x0, 0x3f, 0xff, 0xff, 0xc0, 0x0,
    0xf, 0xff, 0xff, 0xf0, 0x0, 0x3, 0xff, 0xff,
    0xfc, 0x0, 0x0, 0xff, 0xf0,

    /* U+0069 "i" */
    0x0, 0xf, 0xff, 0x0, 0x0, 0x0, 0xff, 0xf0,
    0x0, 0x0, 0xf, 0xff, 0x0, 0x0, 0x0, 0xff,
    0xf0, 0x0, 0x0, 0xf, 0xff, 0x0, 0x0, 0x0,
    0xff, 0xf0, 0x0, 0x0, 0x0, 0x0, 0x0, 0x0,
    0x0, 0x0, 0x0, 0x0, 0x0, 0x0, 0x0, 0x0,
    0x0, 0x0, 0x0, 0x0, 0x0, 0x0, 0x0, 0x0,
    0x0, 0x0, 0x0, 0x0, 0x0, 0x0, 0x3, 0xff,
    0xff, 0x0, 0x0, 0x3f, 0xff, 0xf0, 0x0, 0x3,
    0xff, 0xff, 0x0, 0x0, 0x3f, 0xff, 0xf0, 0x0,
    0x3, 0xff, 0xff, 0x0, 0x0, 0x3f, 0xff, 0xf0,
    0x0, 0x0, 0xf, 0xff, 0x0, 0x0, 0x0, 0xff,
    0xf0, 0x0, 0x0, 0xf, 0xff, 0x0, 0x0, 0x0,
    0xff, 0xf0, 0x0, 0x0, 0xf, 0xff, 0x0, 0x0,
    0x0, 0xff, 0xf0, 0x0, 0x0, 0xf, 0xff, 0x0,
    0x0, 0x0, 0xff, 0xf0, 0x0, 0x0, 0xf, 0xff,
    0x0, 0x0, 0x0, 0xff, 0xf0, 0x0, 0x0, 0xf,
    0xff, 0x0, 0x0, 0x0, 0xff, 0xf0, 0x0, 0x0,
    0xf, 0xff, 0x0, 0x0, 0x0, 0xff, 0xf0, 0x0,
    0x0, 0xf, 0xff, 0x0, 0x0, 0x0, 0xff, 0xf0,
    0x0, 0x0, 0xf, 0xff, 0x0, 0x0, 0x0, 0xff,
    0xf0, 0x0, 0xff, 0xff, 0xff, 0xff, 0xff, 0xff,
    0xff, 0xff, 0xff, 0xff, 0xff, 0xff, 0xff, 0xff,
    0xff, 0xff, 0xff, 0xff, 0xff, 0xff, 0xff, 0xff,
    0xff, 0xff, 0xff, 0xff, 0xff,

    /* U+006A "j" */
    0x0, 0x0, 0x3f, 0xfc, 0x0, 0x0, 0xff, 0xf0,
    0x0, 0x3, 0xff, 0xc0, 0x0, 0xf, 0xff, 0x0,
    0x0, 0x3f, 0xfc, 0x0, 0x0, 0xff, 0xf0, 0x0,
    0x0, 0x0, 0x0, 0x0, 0x0, 0x0, 0x0, 0x0,
    0x0, 0x0, 0x0, 0x0, 0x0, 0x0, 0x0, 0x0,
    0x0, 0x0, 0x0, 0x0, 0x0, 0x0, 0xf, 0xff,
    0xfc, 0x0, 0x3f, 0xff, 0xf0, 0x0, 0xff, 0xff,
    0xc0, 0x3, 0xff, 0xff, 0x0, 0xf, 0xff, 0xfc,
    0x0, 0x3f, 0xff, 0xf0, 0x0, 0x3, 0xff, 0xc0,
    0x0, 0xf, 0xff, 0x0, 0x0, 0x3f, 0xfc, 0x0,
    0x0, 0xff, 0xf0, 0x0, 0x3, 0xff, 0xc0, 0x0,
    0xf, 0xff, 0x0, 0x0, 0x3f, 0xfc, 0x0, 0x0,
    0xff, 0xf0, 0x0, 0x3, 0xff, 0xc0, 0x0, 0xf,
    0xff, 0x0, 0x0, 0x3f, 0xfc, 0x0, 0x0, 0xff,
    0xf0, 0x0, 0x3, 0xff, 0xc0, 0x0, 0xf, 0xff,
    0x0, 0x0, 0x3f, 0xfc, 0x0, 0x0, 0xff, 0xf0,
    0x0, 0x3, 0xff, 0xc0, 0x0, 0xf, 0xff, 0x0,
    0x0, 0x3f, 0xfc, 0x0, 0x0, 0xff, 0xf0, 0x0,
    0x3, 0xff, 0xc0, 0x0, 0xf, 0xff, 0x0, 0x0,
    0x3f, 0xfc, 0x0, 0x0, 0xff, 0xff, 0xff, 0xff,
    0xf0, 0x3f, 0xff, 0xff, 0xc0, 0xff, 0xff, 0xff,
    0x3, 0xff, 0xff, 0xfc, 0xf, 0xff, 0xff, 0xf0,
    0x3f, 0xff, 0xff, 0xc0,

    /* U+006B "k" */
    0xff, 0xf0, 0x0, 0x0, 0x0, 0x3f, 0xfc, 0x0,
    0x0, 0x0, 0xf, 0xff, 0x0, 0x0, 0x0, 0x3,
    0xff, 0xc0, 0x0, 0x0, 0x0, 0xff, 0xf0, 0x0,
    0x0, 0x0, 0x3f, 0xfc, 0x0, 0x0, 0x0, 0xf,
    0xff, 0x0, 0x0, 0x0, 0x3, 0xff, 0xc0, 0x0,
    0x0, 0x0, 0xff, 0xf0, 0x0, 0x0, 0x0, 0x3f,
    0xfc, 0x0, 0x0, 0x0, 0xf, 0xff, 0x0, 0x0,
    0x0, 0x3, 0xff, 0xc0, 0x0, 0x0, 0x0, 0xff,
    0xf0, 0x0, 0x3, 0xff, 0xff, 0xfc, 0x0, 0x0,
    0xff, 0xff, 0xff, 0x0, 0x0, 0x3f, 0xff, 0xff,
    0xc0, 0x0, 0xf, 0xff, 0xff, 0xf0, 0x0, 0x3,
    0xff, 0xff, 0xfc, 0x0, 0x0, 0xff, 0xff, 0xff,
    0x0, 0xf, 0xff, 0x3, 0xff, 0xc0, 0x3, 0xff,
    0xc0, 0xff, 0xf0, 0x0, 0xff, 0xf0, 0x3f, 0xfc,
    0x0, 0x3f, 0xfc, 0xf, 0xff, 0x0, 0xf, 0xff,
    0x3, 0xff, 0xc0, 0x3, 0xff, 0xc0, 0xff, 0xff,
    0xff, 0xfc, 0x0, 0x3f, 0xff, 0xff, 0xff, 0x0,
    0xf, 0xff, 0xff, 0xff, 0xc0, 0x3, 0xff, 0xff,
    0xff, 0xf0, 0x0, 0xff, 0xff, 0xff, 0xfc, 0x0,
    0x3f, 0xff, 0xff, 0xff, 0x0, 0xf, 0xff, 0x0,
    0xf, 0xff, 0x3, 0xff, 0xc0, 0x3, 0xff, 0xc0,
    0xff, 0xf0, 0x0, 0xff, 0xf0, 0x3f, 0xfc, 0x0,
    0x3f, 0xfc, 0xf, 0xff, 0x0, 0xf, 0xff, 0x3,
    0xff, 0xc0, 0x3, 0xff, 0xc0, 0xff, 0xf0, 0x0,
    0x3, 0xff, 0xff, 0xfc, 0x0, 0x0, 0xff, 0xff,
    0xff, 0x0, 0x0, 0x3f, 0xff, 0xff, 0xc0, 0x0,
    0xf, 0xff, 0xff, 0xf0, 0x0, 0x3, 0xff, 0xff,
    0xfc, 0x0, 0x0, 0xff, 0xf0,

    /* U+006C "l" */
    0x3, 0xff, 0xff, 0x0, 0x0, 0x3f, 0xff, 0xf0,
    0x0, 0x3, 0xff, 0xff, 0x0, 0x0, 0x3f, 0xff,
    0xf0, 0x0, 0x3, 0xff, 0xff, 0x0, 0x0, 0x3f,
    0xff, 0xf0, 0x0, 0x0, 0xf, 0xff, 0x0, 0x0,
    0x0, 0xff, 0xf0, 0x0, 0x0, 0xf, 0xff, 0x0,
    0x0, 0x0, 0xff, 0xf0, 0x0, 0x0, 0xf, 0xff,
    0x0, 0x0, 0x0, 0xff, 0xf0, 0x0, 0x0, 0xf,
    0xff, 0x0, 0x0, 0x0, 0xff, 0xf0, 0x0, 0x0,
    0xf, 0xff, 0x0, 0x0, 0x0, 0xff, 0xf0, 0x0,
    0x0, 0xf, 0xff, 0x0, 0x0, 0x0, 0xff, 0xf0,
    0x0, 0x0, 0xf, 0xff, 0x0, 0x0, 0x0, 0xff,
    0xf0, 0x0, 0x0, 0xf, 0xff, 0x0, 0x0, 0x0,
    0xff, 0xf0, 0x0, 0x0, 0xf, 0xff, 0x0, 0x0,
    0x0, 0xff, 0xf0, 0x0, 0x0, 0xf, 0xff, 0x0,
    0x0, 0x0, 0xff, 0xf0, 0x0, 0x0, 0xf, 0xff,
    0x0, 0x0, 0x0, 0xff, 0xf0, 0x0, 0x0, 0xf,
    0xff, 0x0, 0x0, 0x0, 0xff, 0xf0, 0x0, 0x0,
    0xf, 0xff, 0x0, 0x0, 0x0, 0xff, 0xf0, 0x0,
    0x0, 0xf, 0xff, 0x0, 0x0, 0x0, 0xff, 0xf0,
    0x0, 0x0, 0xf, 0xff, 0x0, 0x0, 0x0, 0xff,
    0xf0, 0x0, 0xff, 0xff, 0xff, 0xff, 0xff, 0xff,
    0xff, 0xff, 0xff, 0xff, 0xff, 0xff, 0xff, 0xff,
    0xff, 0xff, 0xff, 0xff, 0xff, 0xff, 0xff, 0xff,
    0xff, 0xff, 0xff, 0xff, 0xff,

    /* U+006D "m" */
    0xff, 0xff, 0xff, 0xff, 0xf0, 0x3f, 0xff, 0xff,
    0xff, 0xfc, 0xf, 0xff, 0xff, 0xff, 0xff, 0x3,
    0xff, 0xff, 0xff, 0xff, 0xc0, 0xff, 0xff, 0xff,
    0xff, 0xf0, 0x3f, 0xff, 0xff, 0xff, 0xfc, 0xf,
    0xc0, 0xff, 0xf0, 0x3f, 0xff, 0xf0, 0x3f, 0xfc,
    0xf, 0xff, 0xfc, 0xf, 0xff, 0x3, 0xff, 0xff,
    0x3, 0xff, 0xc0, 0xff, 0xff, 0xc0, 0xff, 0xf0,
    0x3f, 0xff, 0xf0, 0x3f, 0xfc, 0xf, 0xff, 0xfc,
    0xf, 0xff, 0x3, 0xff, 0xff, 0x3, 0xff, 0xc0,
    0xff, 0xff, 0xc0, 0xff, 0xf0, 0x3f, 0xff, 0xf0,
    0x3f, 0xfc, 0xf, 0xff, 0xfc, 0xf, 0xff, 0x3,
    0xff, 0xff, 0x3, 0xff, 0xc0, 0xff, 0xff, 0xc0,
    0xff, 0xf0, 0x3f, 0xff, 0xf0, 0x3f, 0xfc, 0xf,
    0xff, 0xfc, 0xf, 0xff, 0x3, 0xff, 0xff, 0x3,
    0xff, 0xc0, 0xff, 0xff, 0xc0, 0xff, 0xf0, 0x3f,
    0xff, 0xf0, 0x3f, 0xfc, 0xf, 0xff, 0xfc, 0xf,
    0xff, 0x3, 0xff, 0xff, 0x3, 0xff, 0xc0, 0xff,
    0xff, 0xc0, 0xff, 0xf0, 0x3f, 0xff, 0xf0, 0x3f,
    0xfc, 0xf, 0xff, 0xfc, 0xf, 0xff, 0x3, 0xff,
    0xff, 0x3, 0xff, 0xc0, 0xff, 0xf0,

    /* U+006E "n" */
    0xff, 0xff, 0xff, 0xff, 0xf0, 0x3f, 0xff, 0xff,
    0xff, 0xfc, 0xf, 0xff, 0xff, 0xff, 0xff, 0x3,
    0xff, 0xff, 0xff, 0xff, 0xc0, 0xff, 0xff, 0xff,
    0xff, 0xf0, 0x3f, 0xff, 0xff, 0xff, 0xfc, 0xf,
    0xff, 0x0, 0x0, 0x3f, 0xff, 0xff, 0xc0, 0x0,
    0xf, 0xff, 0xff, 0xf0, 0x0, 0x3, 0xff, 0xff,
    0xfc, 0x0, 0x0, 0xff, 0xff, 0xff, 0x0, 0x0,
    0x3f, 0xff, 0xff, 0xc0, 0x0, 0xf, 0xff, 0xff,
    0xf0, 0x0, 0x3, 0xff, 0xff, 0xfc, 0x0, 0x0,
    0xff, 0xff, 0xff, 0x0, 0x0, 0x3f, 0xff, 0xff,
    0xc0, 0x0, 0xf, 0xff, 0xff, 0xf0, 0x0, 0x3,
    0xff, 0xff, 0xfc, 0x0, 0x0, 0xff, 0xff, 0xff,
    0x0, 0x0, 0x3f, 0xff, 0xff, 0xc0, 0x0, 0xf,
    0xff, 0xff, 0xf0, 0x0, 0x3, 0xff, 0xff, 0xfc,
    0x0, 0x0, 0xff, 0xff, 0xff, 0x0, 0x0, 0x3f,
    0xff, 0xff, 0xc0, 0x0, 0xf, 0xff, 0xff, 0xf0,
    0x0, 0x3, 0xff, 0xff, 0xfc, 0x0, 0x0, 0xff,
    0xff, 0xff, 0x0, 0x0, 0x3f, 0xff, 0xff, 0xc0,
    0x0, 0xf, 0xff, 0xff, 0xf0, 0x0, 0x3, 0xff,
    0xff, 0xfc, 0x0, 0x0, 0xff, 0xf0,

    /* U+006F "o" */
    0x3, 0xff, 0xff, 0xff, 0xf0, 0x0, 0xff, 0xff,
    0xff, 0xfc, 0x0, 0x3f, 0xff, 0xff, 0xff, 0x0,
    0xf, 0xff, 0xff, 0xff, 0xc0, 0x3, 0xff, 0xff,
    0xff, 0xf0, 0x0, 0xff, 0xff, 0xff, 0xfc, 0xf,
    0xff, 0x0, 0x0, 0x3f, 0xff, 0xff, 0xc0, 0x0,
    0xf, 0xff, 0xff, 0xf0, 0x0, 0x3, 0xff, 0xff,
    0xfc, 0x0, 0x0, 0xff, 0xff, 0xff, 0x0, 0x0,
    0x3f, 0xff, 0xff, 0xc0, 0x0, 0xf, 0xff, 0xff,
    0xf0, 0x0, 0x3, 0xff, 0xff, 0xfc, 0x0, 0x0,
    0xff, 0xff, 0xff, 0x0, 0x0, 0x3f, 0xff, 0xff,
    0xc0, 0x0, 0xf, 0xff, 0xff, 0xf0, 0x0, 0x3,
    0xff, 0xff, 0xfc, 0x0, 0x0, 0xff, 0xff, 0xff,
    0x0, 0x0, 0x3f, 0xff, 0xff, 0xc0, 0x0, 0xf,
    0xff, 0xff, 0xf0, 0x0, 0x3, 0xff, 0xff, 0xfc,
    0x0, 0x0, 0xff, 0xff, 0xff, 0x0, 0x0, 0x3f,
    0xff, 0xff, 0xc0, 0x0, 0xf, 0xff, 0x3, 0xff,
    0xff, 0xff, 0xf0, 0x0, 0xff, 0xff, 0xff, 0xfc,
    0x0, 0x3f, 0xff, 0xff, 0xff, 0x0, 0xf, 0xff,
    0xff, 0xff, 0xc0, 0x3, 0xff, 0xff, 0xff, 0xf0,
    0x0, 0xff, 0xff, 0xff, 0xfc, 0x0,

    /* U+0070 "p" */
    0xff, 0xff, 0xff, 0xff, 0xf0, 0x3f, 0xff, 0xff,
    0xff, 0xfc, 0xf, 0xff, 0xff, 0xff, 0xff, 0x3,
    0xff, 0xff, 0xff, 0xff, 0xc0, 0xff, 0xff, 0xff,
    0xff, 0xf0, 0x3f, 0xff, 0xff, 0xff, 0xfc, 0xf,
    0xff, 0x0, 0x0, 0x3f, 0xff, 0xff, 0xc0, 0x0,
    0xf, 0xff, 0xff, 0xf0, 0x0, 0x3, 0xff, 0xff,
    0xfc, 0x0, 0x0, 0xff, 0xff, 0xff, 0x0, 0x0,
    0x3f, 0xff, 0xff, 0xc0, 0x0, 0xf, 0xff, 0xff,
    0xf0, 0x0, 0x3, 0xff, 0xff, 0xfc, 0x0, 0x0,
    0xff, 0xff, 0xff, 0x0, 0x0, 0x3f, 0xff, 0xff,
    0xc0, 0x0, 0xf, 0xff, 0xff, 0xf0, 0x0, 0x3,
    0xff, 0xff, 0xfc, 0x0, 0x0, 0xff, 0xff, 0xff,
    0xff, 0xff, 0xff, 0x3, 0xff, 0xff, 0xff, 0xff,
    0xc0, 0xff, 0xff, 0xff, 0xff, 0xf0, 0x3f, 0xff,
    0xff, 0xff, 0xfc, 0xf, 0xff, 0xff, 0xff, 0xff,
    0x3, 0xff, 0xff, 0xff, 0xff, 0xc0, 0xff, 0xf0,
    0x0, 0x0, 0x0, 0x3f, 0xfc, 0x0, 0x0, 0x0,
    0xf, 0xff, 0x0, 0x0, 0x0, 0x3, 0xff, 0xc0,
    0x0, 0x0, 0x0, 0xff, 0xf0, 0x0, 0x0, 0x0,
    0x3f, 0xfc, 0x0, 0x0, 0x0, 0xf, 0xff, 0x0,
    0x0, 0x0, 0x3, 0xff, 0xc0, 0x0, 0x0, 0x0,
    0xff, 0xf0, 0x0, 0x0, 0x0, 0x3f, 0xfc, 0x0,
    0x0, 0x0, 0xf, 0xff, 0x0, 0x0, 0x0, 0x3,
    0xff, 0xc0, 0x0, 0x0, 0x0,

    /* U+0071 "q" */
    0x3, 0xff, 0xff, 0xff, 0xff, 0xc0, 0xff, 0xff,
    0xff, 0xff, 0xf0, 0x3f, 0xff, 0xff, 0xff, 0xfc,
    0xf, 0xff, 0xff, 0xff, 0xff, 0x3, 0xff, 0xff,
    0xff, 0xff, 0xc0, 0xff, 0xff, 0xff, 0xff, 0xff,
    0xff, 0x0, 0x0, 0x3f, 0xff, 0xff, 0xc0, 0x0,
    0xf, 0xff, 0xff, 0xf0, 0x0, 0x3, 0xff, 0xff,
    0xfc, 0x0, 0x0, 0xff, 0xff, 0xff, 0x0, 0x0,
    0x3f, 0xff, 0xff, 0xc0, 0x0, 0xf, 0xff, 0xff,
    0xf0, 0x0, 0x3, 0xff, 0xff, 0xfc, 0x0, 0x0,
    0xff, 0xff, 0xff, 0x0, 0x0, 0x3f, 0xff, 0xff,
    0xc0, 0x0, 0xf, 0xff, 0xff, 0xf0, 0x0, 0x3,
    0xff, 0xff, 0xfc, 0x0, 0x0, 0xff, 0xf0, 0x3f,
    0xff, 0xff, 0xff, 0xfc, 0xf, 0xff, 0xff, 0xff,
    0xff, 0x3, 0xff, 0xff, 0xff, 0xff, 0xc0, 0xff,
    0xff, 0xff, 0xff, 0xf0, 0x3f, 0xff, 0xff, 0xff,
    0xfc, 0xf, 0xff, 0xff, 0xff, 0xff, 0x0, 0x0,
    0x0, 0x3, 0xff, 0xc0, 0x0, 0x0, 0x0, 0xff,
    0xf0, 0x0, 0x0, 0x0, 0x3f, 0xfc, 0x0, 0x0,
    0x0, 0xf, 0xff, 0x0, 0x0, 0x0, 0x3, 0xff,
    0xc0, 0x0, 0x0, 0x0, 0xff, 0xf0, 0x0, 0x0,
    0x0, 0x3f, 0xfc, 0x0, 0x0, 0x0, 0xf, 0xff,
    0x0, 0x0, 0x0, 0x3, 0xff, 0xc0, 0x0, 0x0,
    0x0, 0xff, 0xf0, 0x0, 0x0, 0x0, 0x3f, 0xfc,
    0x0, 0x0, 0x0, 0xf, 0xff,

    /* U+0072 "r" */
    0xff, 0xf0, 0x3f, 0xff, 0xff, 0xff, 0x3, 0xff,
    0xff, 0xff, 0xf0, 0x3f, 0xff, 0xff, 0xff, 0x3,
    0xff, 0xff, 0xff, 0xf0, 0x3f, 0xff, 0xff, 0xff,
    0x3, 0xff, 0xff, 0xff, 0xff, 0xc0, 0x0, 0xf,
    0xff, 0xfc, 0x0, 0x0, 0xff, 0xff, 0xc0, 0x0,
    0xf, 0xff, 0xfc, 0x0, 0x0, 0xff, 0xff, 0xc0,
    0x0, 0xf, 0xff, 0xfc, 0x0, 0x0, 0xff, 0xf0,
    0x0, 0x0, 0xf, 0xff, 0x0, 0x0, 0x0, 0xff,
    0xf0, 0x0, 0x0, 0xf, 0xff, 0x0, 0x0, 0x0,
    0xff, 0xf0, 0x0, 0x0, 0xf, 0xff, 0x0, 0x0,
    0x0, 0xff, 0xf0, 0x0, 0x0, 0xf, 0xff, 0x0,
    0x0, 0x0, 0xff, 0xf0, 0x0, 0x0, 0xf, 0xff,
    0x0, 0x0, 0x0, 0xff, 0xf0, 0x0, 0x0, 0xf,
    0xff, 0x0, 0x0, 0x0, 0xff, 0xf0, 0x0, 0x0,
    0xf, 0xff, 0x0, 0x0, 0x0, 0xff, 0xf0, 0x0,
    0x0, 0xf, 0xff, 0x0, 0x0, 0x0, 0xff, 0xf0,
    0x0, 0x0, 0xf, 0xff, 0x0, 0x0, 0x0,

    /* U+0073 "s" */
    0x3, 0xff, 0xff, 0xff, 0xf0, 0x0, 0xff, 0xff,
    0xff, 0xfc, 0x0, 0x3f, 0xff, 0xff, 0xff, 0x0,
    0xf, 0xff, 0xff, 0xff, 0xc0, 0x3, 0xff, 0xff,
    0xff, 0xf0, 0x0, 0xff, 0xff, 0xff, 0xfc, 0xf,
    0xff, 0x0, 0x0, 0x0, 0x3, 0xff, 0xc0, 0x0,
    0x0, 0x0, 0xff, 0xf0, 0x0, 0x0, 0x0, 0x3f,
    0xfc, 0x0, 0x0, 0x0, 0xf, 0xff, 0x0, 0x0,
    0x0, 0x3, 0xff, 0xc0, 0x0, 0x0, 0x0, 0x3,
    0xff, 0xff, 0xff, 0xf0, 0x0, 0xff, 0xff, 0xff,
    0xfc, 0x0, 0x3f, 0xff, 0xff, 0xff, 0x0, 0xf,
    0xff, 0xff, 0xff, 0xc0, 0x3, 0xff, 0xff, 0xff,
    0xf0, 0x0, 0xff, 0xff, 0xff, 0xfc, 0x0, 0x0,
    0x0, 0x0, 0x3f, 0xfc, 0x0, 0x0, 0x0, 0xf,
    0xff, 0x0, 0x0, 0x0, 0x3, 0xff, 0xc0, 0x0,
    0x0, 0x0, 0xff, 0xf0, 0x0, 0x0, 0x0, 0x3f,
    0xfc, 0x0, 0x0, 0x0, 0xf, 0xff, 0xff, 0xff,
    0xff, 0xff, 0xf0, 0x3f, 0xff, 0xff, 0xff, 0xfc,
    0xf, 0xff, 0xff, 0xff, 0xff, 0x3, 0xff, 0xff,
    0xff, 0xff, 0xc0, 0xff, 0xff, 0xff, 0xff, 0xf0,
    0x3f, 0xff, 0xff, 0xff, 0xfc, 0x0,

    /* U+0074 "t" */
    0x0, 0xf, 0xff, 0x0, 0x0, 0x0, 0xff, 0xf0,
    0x0, 0x0, 0xf, 0xff, 0x0, 0x0, 0x0, 0xff,
    0xf0, 0x0, 0x0, 0xf, 0xff, 0x0, 0x0, 0x0,
    0xff, 0xf0, 0x0, 0x0, 0xf, 0xff, 0x0, 0x0,
    0x0, 0xff, 0xf0, 0x0, 0x0, 0xf, 0xff, 0x0,
    0x0, 0x0, 0xff, 0xf0, 0x0, 0x0, 0xf, 0xff,
    0x0, 0x0, 0x0, 0xff, 0xf0, 0x0, 0xff, 0xff,
    0xff, 0xff, 0xff, 0xff, 0xff, 0xff, 0xff, 0xff,
    0xff, 0xff, 0xff, 0xff, 0xff, 0xff, 0xff, 0xff,
    0xff, 0xff, 0xff, 0xff, 0xff, 0xff, 0xff, 0xff,
    0xff, 0x0, 0xf, 0xff, 0x0, 0x0, 0x0, 0xff,
    0xf0, 0x0, 0x0, 0xf, 0xff, 0x0, 0x0, 0x0,
    0xff, 0xf0, 0x0, 0x0, 0xf, 0xff, 0x0, 0x0,
    0x0, 0xff, 0xf0, 0x0, 0x0, 0xf, 0xff, 0x0,
    0x0, 0x0, 0xff, 0xf0, 0x0, 0x0, 0xf, 0xff,
    0x0, 0x0, 0x0, 0xff, 0xf0, 0x0, 0x0, 0xf,
    0xff, 0x0, 0x0, 0x0, 0xff, 0xf0, 0x0, 0x0,
    0xf, 0xff, 0x0, 0x0, 0x0, 0xff, 0xf0, 0x0,
    0x0, 0xf, 0xff, 0x0, 0x0, 0x0, 0xff, 0xf0,
    0x0, 0x0, 0xf, 0xff, 0x0, 0x0, 0x0, 0xff,
    0xf0, 0x0, 0x0, 0xf, 0xff, 0x0, 0x0, 0x0,
    0xff, 0xf0, 0x0, 0x0, 0xf, 0xff, 0x0, 0x0,
    0x0, 0xff, 0xf0, 0x0, 0x0, 0xf, 0xff, 0x0,
    0x0, 0x0, 0xff, 0xf0, 0x0,

    /* U+0075 "u" */
    0xff, 0xf0, 0x0, 0x3, 0xff, 0xff, 0xfc, 0x0,
    0x0, 0xff, 0xff, 0xff, 0x0, 0x0, 0x3f, 0xff,
    0xff, 0xc0, 0x0, 0xf, 0xff, 0xff, 0xf0, 0x0,
    0x3, 0xff, 0xff, 0xfc, 0x0, 0x0, 0xff, 0xff,
    0xff, 0x0, 0x0, 0x3f, 0xff, 0xff, 0xc0, 0x0,
    0xf, 0xff, 0xff, 0xf0, 0x0, 0x3, 0xff, 0xff,
    0xfc, 0x0, 0x0, 0xff, 0xff, 0xff, 0x0, 0x0,
    0x3f, 0xff, 0xff, 0xc0, 0x0, 0xf, 0xff, 0xff,
    0xf0, 0x0, 0x3, 0xff, 0xff, 0xfc, 0x0, 0x0,
    0xff, 0xff, 0xff, 0x0, 0x0, 0x3f, 0xff, 0xff,
    0xc0, 0x0, 0xf, 0xff, 0xff, 0xf0, 0x0, 0x3,
    0xff, 0xff, 0xfc, 0x0, 0x0, 0xff, 0xff, 0xff,
    0x0, 0x0, 0x3f, 0xff, 0xff, 0xc0, 0x0, 0xf,
    0xff, 0xff, 0xf0, 0x0, 0x3, 0xff, 0xff, 0xfc,
    0x0, 0x0, 0xff, 0xff, 0xff, 0x0, 0x0, 0x3f,
    0xff, 0xff, 0xc0, 0x0, 0xf, 0xff, 0x3, 0xff,
    0xff, 0xff, 0xff, 0xc0, 0xff, 0xff, 0xff, 0xff,
    0xf0, 0x3f, 0xff, 0xff, 0xff, 0xfc, 0xf, 0xff,
    0xff, 0xff, 0xff, 0x3, 0xff, 0xff, 0xff, 0xff,
    0xc0, 0xff, 0xff, 0xff, 0xff, 0xf0,

    /* U+0076 "v" */
    0xff, 0xf0, 0x0, 0xff, 0xff, 0xff, 0x0, 0xf,
    0xff, 0xff, 0xf0, 0x0, 0xff, 0xff, 0xff, 0x0,
    0xf, 0xff, 0xff, 0xf0, 0x0, 0xff, 0xff, 0xff,
    0x0, 0xf, 0xff, 0xff, 0xf0, 0x0, 0xff, 0xff,
    0xff, 0x0, 0xf, 0xff, 0xff, 0xf0, 0x0, 0xff,
    0xff, 0xff, 0x0, 0xf, 0xff, 0xff, 0xf0, 0x0,
    0xff, 0xff, 0xff, 0x0, 0xf, 0xff, 0xff, 0xf0,
    0x0, 0xff, 0xff, 0xff, 0x0, 0xf, 0xff, 0xff,
    0xf0, 0x0, 0xff, 0xff, 0xff, 0x0, 0xf, 0xff,
    0xff, 0xf0, 0x0, 0xff, 0xff, 0xff, 0x0, 0xf,
    0xff, 0x3, 0xff, 0xff, 0xfc, 0x0, 0x3f, 0xff,
    0xff, 0xc0, 0x3, 0xff, 0xff, 0xfc, 0x0, 0x3f,
    0xff, 0xff, 0xc0, 0x3, 0xff, 0xff, 0xfc, 0x0,
    0x3f, 0xff, 0xff, 0xc0, 0x0, 0xf, 0xff, 0x0,
    0x0, 0x0, 0xff, 0xf0, 0x0, 0x0, 0xf, 0xff,
    0x0, 0x0, 0x0, 0xff, 0xf0, 0x0, 0x0, 0xf,
    0xff, 0x0, 0x0, 0x0, 0xff, 0xf0, 0x0,

    /* U+0077 "w" */
    0xff, 0xf0, 0x3f, 0x3, 0xff, 0xff, 0xfc, 0xf,
    0xc0, 0xff, 0xff, 0xff, 0x3, 0xf0, 0x3f, 0xff,
    0xff, 0xc0, 0xfc, 0xf, 0xff, 0xff, 0xf0, 0x3f,
    0x3, 0xff, 0xff, 0xfc, 0xf, 0xc0, 0xff, 0xff,
    0xff, 0x3, 0xf0, 0x3f, 0xff, 0xff, 0xc0, 0xfc,
    0xf, 0xff, 0xff, 0xf0, 0x3f, 0x3, 0xff, 0xff,
    0xfc, 0xf, 0xc0, 0xff, 0xff, 0xff, 0x3, 0xf0,
    0x3f, 0xff, 0xff, 0xc0, 0xfc, 0xf, 0xff, 0xff,
    0xf0, 0x3f, 0x3, 0xff, 0xff, 0xfc, 0xf, 0xc0,
    0xff, 0xff, 0xff, 0x3, 0xf0, 0x3f, 0xff, 0xff,
    0xc0, 0xfc, 0xf, 0xff, 0xff, 0xf0, 0x3f, 0x3,
    0xff, 0xff, 0xfc, 0xf, 0xc0, 0xff, 0xff, 0xff,
    0x3, 0xf0, 0x3f, 0xff, 0xff, 0xc0, 0xfc, 0xf,
    0xff, 0xff, 0xf0, 0x3f, 0x3, 0xff, 0xff, 0xfc,
    0xf, 0xc0, 0xff, 0xff, 0xff, 0x3, 0xf0, 0x3f,
    0xff, 0xff, 0xc0, 0xfc, 0xf, 0xff, 0x3, 0xff,
    0xc0, 0xff, 0xf0, 0x0, 0xff, 0xf0, 0x3f, 0xfc,
    0x0, 0x3f, 0xfc, 0xf, 0xff, 0x0, 0xf, 0xff,
    0x3, 0xff, 0xc0, 0x3, 0xff, 0xc0, 0xff, 0xf0,
    0x0, 0xff, 0xf0, 0x3f, 0xfc, 0x0,

    /* U+0078 "x" */
    0xff, 0xf0, 0x0, 0x3, 0xff, 0xff, 0xfc, 0x0,
    0x0, 0xff, 0xff, 0xff, 0x0, 0x0, 0x3f, 0xff,
    0xff, 0xc0, 0x0, 0xf, 0xff, 0xff, 0xf0, 0x0,
    0x3, 0xff, 0xff, 0xfc, 0x0, 0x0, 0xff, 0xf0,
    0x3f, 0xfc, 0xf, 0xff, 0x0, 0xf, 0xff, 0x3,
    0xff, 0xc0, 0x3, 0xff, 0xc0, 0xff, 0xf0, 0x0,
    0xff, 0xf0, 0x3f, 0xfc, 0x0, 0x3f, 0xfc, 0xf,
    0xff, 0x0, 0xf, 0xff, 0x3, 0xff, 0xc0, 0x0,
    0xf, 0xff, 0xfc, 0x0, 0x0, 0x3, 0xff, 0xff,
    0x0, 0x0, 0x0, 0xff, 0xff, 0xc0, 0x0, 0x0,
    0x3f, 0xff, 0xf0, 0x0, 0x0, 0xf, 0xff, 0xfc,
    0x0, 0x0, 0x3, 0xff, 0xff, 0x0, 0x0, 0x3f,
    0xfc, 0xf, 0xff, 0x0, 0xf, 0xff, 0x3, 0xff,
    0xc0, 0x3, 0xff, 0xc0, 0xff, 0xf0, 0x0, 0xff,
    0xf0, 0x3f, 0xfc, 0x0, 0x3f, 0xfc, 0xf, 0xff,
    0x0, 0xf, 0xff, 0x3, 0xff, 0xc0, 0xff, 0xf0,
    0x0, 0x3, 0xff, 0xff, 0xfc, 0x0, 0x0, 0xff,
    0xff, 0xff, 0x0, 0x0, 0x3f, 0xff, 0xff, 0xc0,
    0x0, 0xf, 0xff, 0xff, 0xf0, 0x0, 0x3, 0xff,
    0xff, 0xfc, 0x0, 0x0, 0xff, 0xf0,

    /* U+0079 "y" */
    0xff, 0xf0, 0x0, 0x3, 0xff, 0xff, 0xfc, 0x0,
    0x0, 0xff, 0xff, 0xff, 0x0, 0x0, 0x3f, 0xff,
    0xff, 0xc0, 0x0, 0xf, 0xff, 0xff, 0xf0, 0x0,
    0x3, 0xff, 0xff, 0xfc, 0x0, 0x0, 0xff, 0xff,
    0xff, 0x0, 0x0, 0x3f, 0xff, 0xff, 0xc0, 0x0,
    0xf, 0xff, 0xff, 0xf0, 0x0, 0x3, 0xff, 0xff,
    0xfc, 0x0, 0x0, 0xff, 0xff, 0xff, 0x0, 0x0,
    0x3f, 0xff, 0xff, 0xc0, 0x0, 0xf, 0xff, 0xff,
    0xf0, 0x0, 0x3, 0xff, 0xff, 0xfc, 0x0, 0x0,
    0xff, 0xff, 0xff, 0x0, 0x0, 0x3f, 0xff, 0xff,
    0xc0, 0x0, 0xf, 0xff, 0xff, 0xf0, 0x0, 0x3,
    0xff, 0xff, 0xfc, 0x0, 0x0, 0xff, 0xf0, 0x3f,
    0xff, 0xff, 0xff, 0xfc, 0xf, 0xff, 0xff, 0xff,
    0xff, 0x3, 0xff, 0xff, 0xff, 0xff, 0xc0, 0xff,
    0xff, 0xff, 0xff, 0xf0, 0x3f, 0xff, 0xff, 0xff,
    0xfc, 0xf, 0xff, 0xff, 0xff, 0xff, 0x0, 0x0,
    0x0, 0x3, 0xff, 0xc0, 0x0, 0x0, 0x0, 0xff,
    0xf0, 0x0, 0x0, 0x0, 0x3f, 0xfc, 0x0, 0x0,
    0x0, 0xf, 0xff, 0x0, 0x0, 0x0, 0x3, 0xff,
    0xc0, 0x0, 0x0, 0x0, 0xff, 0xf0, 0x3f, 0xff,
    0xff, 0xff, 0x0, 0xf, 0xff, 0xff, 0xff, 0xc0,
    0x3, 0xff, 0xff, 0xff, 0xf0, 0x0, 0xff, 0xff,
    0xff, 0xfc, 0x0, 0x3f, 0xff, 0xff, 0xff, 0x0,
    0xf, 0xff, 0xff, 0xff, 0xc0,

    /* U+007A "z" */
    0xff, 0xff, 0xff, 0xff, 0xff, 0xff, 0xff, 0xff,
    0xff, 0xff, 0xff, 0xff, 0xff, 0xff, 0xff, 0xff,
    0xff, 0xff, 0xff, 0xff, 0xff, 0xff, 0xff, 0xff,
    0xff, 0xff, 0xff, 0xff, 0xff, 0xff, 0xff, 0xf0,
    0x0, 0x3, 0xff, 0xff, 0x0, 0x0, 0x0, 0xff,
    0xff, 0xc0, 0x0, 0x0, 0x3f, 0xff, 0xf0, 0x0,
    0x0, 0xf, 0xff, 0xfc, 0x0, 0x0, 0x3, 0xff,
    0xff, 0x0, 0x0, 0x0, 0xff, 0xff, 0xc0, 0x0,
    0xf, 0xff, 0xfc, 0x0, 0x0, 0x3, 0xff, 0xff,
    0x0, 0x0, 0x0, 0xff, 0xff, 0xc0, 0x0, 0x0,
    0x3f, 0xff, 0xf0, 0x0, 0x0, 0xf, 0xff, 0xfc,
    0x0, 0x0, 0x3, 0xff, 0xff, 0x0, 0x0, 0x3f,
    0xff, 0xf0, 0x0, 0x0, 0xf, 0xff, 0xfc, 0x0,
    0x0, 0x3, 0xff, 0xff, 0x0, 0x0, 0x0, 0xff,
    0xff, 0xc0, 0x0, 0x0, 0x3f, 0xff, 0xf0, 0x0,
    0x0, 0xf, 0xff, 0xfc, 0x0, 0x0, 0xff, 0xff,
    0xff, 0xff, 0xff, 0xff, 0xff, 0xff, 0xff, 0xff,
    0xff, 0xff, 0xff, 0xff, 0xff, 0xff, 0xff, 0xff,
    0xff, 0xff, 0xff, 0xff, 0xff, 0xff, 0xff, 0xff,
    0xff, 0xff, 0xff, 0xff, 0xff, 0xf0,

    /* U+007B "{" */
    0x0, 0xf, 0xff, 0x0, 0xf, 0xff, 0x0, 0xf,
    0xff, 0x0, 0xf, 0xff, 0x0, 0xf, 0xff, 0x0,
    0xf, 0xff, 0x3, 0xff, 0xc0, 0x3, 0xff, 0xc0,
    0x3, 0xff, 0xc0, 0x3, 0xff, 0xc0, 0x3, 0xff,
    0xc0, 0x3, 0xff, 0xc0, 0x3, 0xff, 0xc0, 0x3,
    0xff, 0xc0, 0x3, 0xff, 0xc0, 0x3, 0xff, 0xc0,
    0x3, 0xff, 0xc0, 0x3, 0xff, 0xc0, 0xff, 0xf0,
    0x0, 0xff, 0xf0, 0x0, 0xff, 0xf0, 0x0, 0xff,
    0xf0, 0x0, 0xff, 0xf0, 0x0, 0xff, 0xf0, 0x0,
    0x3, 0xff, 0xc0, 0x3, 0xff, 0xc0, 0x3, 0xff,
    0xc0, 0x3, 0xff, 0xc0, 0x3, 0xff, 0xc0, 0x3,
    0xff, 0xc0, 0x3, 0xff, 0xc0, 0x3, 0xff, 0xc0,
    0x3, 0xff, 0xc0, 0x3, 0xff, 0xc0, 0x3, 0xff,
    0xc0, 0x3, 0xff, 0xc0, 0x0, 0xf, 0xff, 0x0,
    0xf, 0xff, 0x0, 0xf, 0xff, 0x0, 0xf, 0xff,
    0x0, 0xf, 0xff, 0x0, 0xf, 0xff,

    /* U+007C "|" */
    0xff, 0xff, 0xff, 0xff, 0xff, 0xff, 0xff, 0xff,
    0xff, 0xff, 0xff, 0xff, 0xff, 0xff, 0xff, 0xff,
    0xff, 0xff, 0xff, 0xff, 0xff, 0xff, 0xff, 0xff,
    0xff, 0xff, 0xff, 0xff, 0xff, 0xff, 0xff, 0xff,
    0xff, 0xff, 0xff, 0xff, 0xff, 0xff, 0xff, 0xff,
    0xff, 0xff, 0xff, 0xff, 0xff, 0xff, 0xff, 0xff,
    0xff, 0xff, 0xff, 0xff, 0xff, 0xff, 0xff, 0xff,
    0xff, 0xff, 0xff, 0xff, 0xff, 0xff, 0xff,

    /* U+007D "}" */
    0xff, 0xf0, 0x0, 0xff, 0xf0, 0x0, 0xff, 0xf0,
    0x0, 0xff, 0xf0, 0x0, 0xff, 0xf0, 0x0, 0xff,
    0xf0, 0x0, 0x3, 0xff, 0xc0, 0x3, 0xff, 0xc0,
    0x3, 0xff, 0xc0, 0x3, 0xff, 0xc0, 0x3, 0xff,
    0xc0, 0x3, 0xff, 0xc0, 0x3, 0xff, 0xc0, 0x3,
    0xff, 0xc0, 0x3, 0xff, 0xc0, 0x3, 0xff, 0xc0,
    0x3, 0xff, 0xc0, 0x3, 0xff, 0xc0, 0x0, 0xf,
    0xff, 0x0, 0xf, 0xff, 0x0, 0xf, 0xff, 0x0,
    0xf, 0xff, 0x0, 0xf, 0xff, 0x0, 0xf, 0xff,
    0x3, 0xff, 0xc0, 0x3, 0xff, 0xc0, 0x3, 0xff,
    0xc0, 0x3, 0xff, 0xc0, 0x3, 0xff, 0xc0, 0x3,
    0xff, 0xc0, 0x3, 0xff, 0xc0, 0x3, 0xff, 0xc0,
    0x3, 0xff, 0xc0, 0x3, 0xff, 0xc0, 0x3, 0xff,
    0xc0, 0x3, 0xff, 0xc0, 0xff, 0xf0, 0x0, 0xff,
    0xf0, 0x0, 0xff, 0xf0, 0x0, 0xff, 0xf0, 0x0,
    0xff, 0xf0, 0x0, 0xff, 0xf0, 0x0,

    /* U+007E "~" */
    0x3, 0xff, 0xff, 0x0, 0x0, 0x0, 0xff, 0xff,
    0xc0, 0x0, 0x0, 0x3f, 0xff, 0xf0, 0x0, 0x0,
    0xf, 0xff, 0xfc, 0x0, 0x0, 0x3, 0xff, 0xff,
    0x0, 0x0, 0x0, 0xff, 0xff, 0xc0, 0x0, 0xf,
    0xc0, 0xff, 0xff, 0xc0, 0xff, 0xf0, 0x3f, 0xff,
    0xf0, 0x3f, 0xfc, 0xf, 0xff, 0xfc, 0xf, 0xff,
    0x3, 0xff, 0xff, 0x3, 0xff, 0xc0, 0xff, 0xff,
    0xc0, 0xff, 0xf0, 0x3f, 0xff, 0xf0, 0x3f, 0x0,
    0x0, 0x3f, 0xff, 0xf0, 0x0, 0x0, 0xf, 0xff,
    0xfc, 0x0, 0x0, 0x3, 0xff, 0xff, 0x0, 0x0,
    0x0, 0xff, 0xff, 0xc0, 0x0, 0x0, 0x3f, 0xff,
    0xf0, 0x0, 0x0, 0xf, 0xff, 0xfc, 0x0,

    /* U+007F "" */
    0xff, 0xf0, 0x3f, 0xff, 0xff, 0xc0, 0xff, 0xff,
    0xff, 0x3, 0xff, 0xff, 0xfc, 0xf, 0xff, 0xff,
    0xf0, 0x3f, 0xff, 0xff, 0xc0, 0xff, 0xff, 0xff,
    0x3, 0xff, 0xff, 0xfc, 0xf, 0xff, 0xff, 0xf0,
    0x3f, 0xff, 0xff, 0xc0, 0xff, 0xff, 0xff, 0x3,
    0xff, 0xff, 0xfc, 0xf, 0xff
};

/*---------------------
 *  GLYPH DESCRIPTION
 *--------------------*/

static const lv_font_fmt_txt_glyph_dsc_t glyph_dsc[] = {
    {.bitmap_index = 0, .adv_w = 0, .box_w = 0, .box_h = 0, .ofs_x = 0, .ofs_y = 0} /* id = 0 reserved */,
    {.bitmap_index = 0, .adv_w = 768, .box_w = 1, .box_h = 1, .ofs_x = 0, .ofs_y = 0},
    {.bitmap_index = 1, .adv_w = 768, .box_w = 18, .box_h = 42, .ofs_x = 12, .ofs_y = 6},
    {.bitmap_index = 96, .adv_w = 768, .box_w = 30, .box_h = 18, .ofs_x = 6, .ofs_y = 30},
    {.bitmap_index = 164, .adv_w = 768, .box_w = 42, .box_h = 42, .ofs_x = 0, .ofs_y = 6},
    {.bitmap_index = 385, .adv_w = 768, .box_w = 42, .box_h = 42, .ofs_x = 0, .ofs_y = 6},
    {.bitmap_index = 606, .adv_w = 768, .box_w = 42, .box_h = 42, .ofs_x = 0, .ofs_y = 6},
    {.bitmap_index = 827, .adv_w = 768, .box_w = 42, .box_h = 42, .ofs_x = 0, .ofs_y = 6},
    {.bitmap_index = 1048, .adv_w = 768, .box_w = 12, .box_h = 18, .ofs_x = 12, .ofs_y = 30},
    {.bitmap_index = 1075, .adv_w = 768, .box_w = 24, .box_h = 42, .ofs_x = 12, .ofs_y = 6},
    {.bitmap_index = 1201, .adv_w = 768, .box_w = 24, .box_h = 42, .ofs_x = 6, .ofs_y = 6},
    {.bitmap_index = 1327, .adv_w = 768, .box_w = 42, .box_h = 30, .ofs_x = 0, .ofs_y = 12},
    {.bitmap_index = 1485, .adv_w = 768, .box_w = 36, .box_h = 30, .ofs_x = 6, .ofs_y = 12},
    {.bitmap_index = 1620, .adv_w = 768, .box_w = 18, .box_h = 18, .ofs_x = 6, .ofs_y = 0},
    {.bitmap_index = 1661, .adv_w = 768, .box_w = 36, .box_h = 6, .ofs_x = 6, .ofs_y = 24},
    {.bitmap_index = 1688, .adv_w = 768, .box_w = 12, .box_h = 12, .ofs_x = 12, .ofs_y = 6},
    {.bitmap_index = 1706, .adv_w = 768, .box_w = 42, .box_h = 42, .ofs_x = 0, .ofs_y = 6},
    {.bitmap_index = 1927, .adv_w = 768, .box_w = 42, .box_h = 42, .ofs_x = 0, .ofs_y = 6},
    {.bitmap_index = 2148, .adv_w = 768, .box_w = 36, .box_h = 42, .ofs_x = 6, .ofs_y = 6},
    {.bitmap_index = 2337, .adv_w = 768, .box_w = 42, .box_h = 42, .ofs_x = 0, .ofs_y = 6},
    {.bitmap_index = 2558, .adv_w = 768, .box_w = 42, .box_h = 42, .ofs_x = 0, .ofs_y = 6},
    {.bitmap_index = 2779, .adv_w = 768, .box_w = 42, .box_h = 42, .ofs_x = 0, .ofs_y = 6},
    {.bitmap_index = 3000, .adv_w = 768, .box_w = 42, .box_h = 42, .ofs_x = 0, .ofs_y = 6},
    {.bitmap_index = 3221, .adv_w = 768, .box_w = 42, .box_h = 42, .ofs_x = 0, .ofs_y = 6},
    {.bitmap_index = 3442, .adv_w = 768, .box_w = 42, .box_h = 42, .ofs_x = 0, .ofs_y = 6},
    {.bitmap_index = 3663, .adv_w = 768, .box_w = 42, .box_h = 42, .ofs_x = 0, .ofs_y = 6},
    {.bitmap_index = 3884, .adv_w = 768, .box_w = 42, .box_h = 42, .ofs_x = 0, .ofs_y = 6},
    {.bitmap_index = 4105, .adv_w = 768, .box_w = 12, .box_h = 30, .ofs_x = 12, .ofs_y = 12},
    {.bitmap_index = 4150, .adv_w = 768, .box_w = 18, .box_h = 36, .ofs_x = 6, .ofs_y = 6},
    {.bitmap_index = 4231, .adv_w = 768, .box_w = 30, .box_h = 42, .ofs_x = 6, .ofs_y = 6},
    {.bitmap_index = 4389, .adv_w = 768, .box_w = 42, .box_h = 18, .ofs_x = 0, .ofs_y = 18},
    {.bitmap_index = 4484, .adv_w = 768, .box_w = 30, .box_h = 42, .ofs_x = 6, .ofs_y = 6},
    {.bitmap_index = 4642, .adv_w = 768, .box_w = 42, .box_h = 42, .ofs_x = 0, .ofs_y = 6},
    {.bitmap_index = 4863, .adv_w = 768, .box_w = 42, .box_h = 42, .ofs_x = 0, .ofs_y = 6},
    {.bitmap_index = 5084, .adv_w = 768, .box_w = 42, .box_h = 42, .ofs_x = 0, .ofs_y = 6},
    {.bitmap_index = 5305, .adv_w = 768, .box_w = 42, .box_h = 42, .ofs_x = 0, .ofs_y = 6},
    {.bitmap_index = 5526, .adv_w = 768, .box_w = 42, .box_h = 42, .ofs_x = 0, .ofs_y = 6},
    {.bitmap_index = 5747, .adv_w = 768, .box_w = 42, .box_h = 42, .ofs_x = 0, .ofs_y = 6},
    {.bitmap_index = 5968, .adv_w = 768, .box_w = 42, .box_h = 42, .ofs_x = 0, .ofs_y = 6},
    {.bitmap_index = 6189, .adv_w = 768, .box_w = 42, .box_h = 42, .ofs_x = 0, .ofs_y = 6},
    {.bitmap_index = 6410, .adv_w = 768, .box_w = 42, .box_h = 42, .ofs_x = 0, .ofs_y = 6},
    {.bitmap_index = 6631, .adv_w = 768, .box_w = 42, .box_h = 42, .ofs_x = 0, .ofs_y = 6},
    {.bitmap_index = 6852, .adv_w = 768, .box_w = 36, .box_h = 42, .ofs_x = 6, .ofs_y = 6},
    {.bitmap_index = 7041, .adv_w = 768, .box_w = 42, .box_h = 42, .ofs_x = 0, .ofs_y = 6},
    {.bitmap_index = 7262, .adv_w = 768, .box_w = 42, .box_h = 42, .ofs_x = 0, .ofs_y = 6},
    {.bitmap_index = 7483, .adv_w = 768, .box_w = 36, .box_h = 42, .ofs_x = 6, .ofs_y = 6},
    {.bitmap_index = 7672, .adv_w = 768, .box_w = 42, .box_h = 42, .ofs_x = 0, .ofs_y = 6},
    {.bitmap_index = 7893, .adv_w = 768, .box_w = 42, .box_h = 42, .ofs_x = 0, .ofs_y = 6},
    {.bitmap_index = 8114, .adv_w = 768, .box_w = 42, .box_h = 42, .ofs_x = 0, .ofs_y = 6},
    {.bitmap_index = 8335, .adv_w = 768, .box_w = 42, .box_h = 42, .ofs_x = 0, .ofs_y = 6},
    {.bitmap_index = 8556, .adv_w = 768, .box_w = 42, .box_h = 42, .ofs_x = 0, .ofs_y = 6},
    {.bitmap_index = 8777, .adv_w = 768, .box_w = 42, .box_h = 42, .ofs_x = 0, .ofs_y = 6},
    {.bitmap_index = 8998, .adv_w = 768, .box_w = 42, .box_h = 42, .ofs_x = 0, .ofs_y = 6},
    {.bitmap_index = 9219, .adv_w = 768, .box_w = 36, .box_h = 42, .ofs_x = 6, .ofs_y = 6},
    {.bitmap_index = 9408, .adv_w = 768, .box_w = 42, .box_h = 42, .ofs_x = 0, .ofs_y = 6},
    {.bitmap_index = 9629, .adv_w = 768, .box_w = 42, .box_h = 42, .ofs_x = 0, .ofs_y = 6},
    {.bitmap_index = 9850, .adv_w = 768, .box_w = 42, .box_h = 42, .ofs_x = 0, .ofs_y = 6},
    {.bitmap_index = 10071, .adv_w = 768, .box_w = 42, .box_h = 42, .ofs_x = 0, .ofs_y = 6},
    {.bitmap_index = 10292, .adv_w = 768, .box_w = 36, .box_h = 42, .ofs_x = 6, .ofs_y = 6},
    {.bitmap_index = 10481, .adv_w = 768, .box_w = 42, .box_h = 42, .ofs_x = 0, .ofs_y = 6},
    {.bitmap_index = 10702, .adv_w = 768, .box_w = 24, .box_h = 42, .ofs_x = 12, .ofs_y = 6},
    {.bitmap_index = 10828, .adv_w = 768, .box_w = 42, .box_h = 42, .ofs_x = 0, .ofs_y = 6},
    {.bitmap_index = 11049, .adv_w = 768, .box_w = 24, .box_h = 42, .ofs_x = 6, .ofs_y = 6},
    {.bitmap_index = 11175, .adv_w = 768, .box_w = 30, .box_h = 12, .ofs_x = 6, .ofs_y = 36},
    {.bitmap_index = 11220, .adv_w = 768, .box_w = 42, .box_h = 6, .ofs_x = 0, .ofs_y = 0},
    {.bitmap_index = 11252, .adv_w = 768, .box_w = 12, .box_h = 12, .ofs_x = 18, .ofs_y = 36},
    {.bitmap_index = 11270, .adv_w = 768, .box_w = 42, .box_h = 30, .ofs_x = 0, .ofs_y = 6},
    {.bitmap_index = 11428, .adv_w = 768, .box_w = 42, .box_h = 42, .ofs_x = 0, .ofs_y = 6},
    {.bitmap_index = 11649, .adv_w = 768, .box_w = 42, .box_h = 30, .ofs_x = 0, .ofs_y = 6},
    {.bitmap_index = 11807, .adv_w = 768, .box_w = 42, .box_h = 42, .ofs_x = 0, .ofs_y = 6},
    {.bitmap_index = 12028, .adv_w = 768, .box_w = 42, .box_h = 30, .ofs_x = 0, .ofs_y = 6},
    {.bitmap_index = 12186, .adv_w = 768, .box_w = 36, .box_h = 42, .ofs_x = 6, .ofs_y = 6},
    {.bitmap_index = 12375, .adv_w = 768, .box_w = 42, .box_h = 36, .ofs_x = 0, .ofs_y = 0},
    {.bitmap_index = 12564, .adv_w = 768, .box_w = 42, .box_h = 42, .ofs_x = 0, .ofs_y = 6},
    {.bitmap_index = 12785, .adv_w = 768, .box_w = 36, .box_h = 42, .ofs_x = 6, .ofs_y = 6},
    {.bitmap_index = 12974, .adv_w = 768, .box_w = 30, .box_h = 48, .ofs_x = 6, .ofs_y = 0},
    {.bitmap_index = 13154, .adv_w = 768, .box_w = 42, .box_h = 42, .ofs_x = 0, .ofs_y = 6},
    {.bitmap_index = 13375, .adv_w = 768, .box_w = 36, .box_h = 42, .ofs_x = 6, .ofs_y = 6},
    {.bitmap_index = 13564, .adv_w = 768, .box_w = 42, .box_h = 30, .ofs_x = 0, .ofs_y = 6},
    {.bitmap_index = 13722, .adv_w = 768, .box_w = 42, .box_h = 30, .ofs_x = 0, .ofs_y = 6},
    {.bitmap_index = 13880, .adv_w = 768, .box_w = 42, .box_h = 30, .ofs_x = 0, .ofs_y = 6},
    {.bitmap_index = 14038, .adv_w = 768, .box_w = 42, .box_h = 36, .ofs_x = 0, .ofs_y = 0},
    {.bitmap_index = 14227, .adv_w = 768, .box_w = 42, .box_h = 36, .ofs_x = 0, .ofs_y = 0},
    {.bitmap_index = 14416, .adv_w = 768, .box_w = 36, .box_h = 30, .ofs_x = 6, .ofs_y = 6},
    {.bitmap_index = 14551, .adv_w = 768, .box_w = 42, .box_h = 30, .ofs_x = 0, .ofs_y = 6},
    {.bitmap_index = 14709, .adv_w = 768, .box_w = 36, .box_h = 42, .ofs_x = 6, .ofs_y = 6},
    {.bitmap_index = 14898, .adv_w = 768, .box_w = 42, .box_h = 30, .ofs_x = 0, .ofs_y = 6},
    {.bitmap_index = 15056, .adv_w = 768, .box_w = 36, .box_h = 30, .ofs_x = 6, .ofs_y = 6},
    {.bitmap_index = 15191, .adv_w = 768, .box_w = 42, .box_h = 30, .ofs_x = 0, .ofs_y = 6},
    {.bitmap_index = 15349, .adv_w = 768, .box_w = 42, .box_h = 30, .ofs_x = 0, .ofs_y = 6},
    {.bitmap_index = 15507, .adv_w = 768, .box_w = 42, .box_h = 36, .ofs_x = 0, .ofs_y = 0},
    {.bitmap_index = 15696, .adv_w = 768, .box_w = 42, .box_h = 30, .ofs_x = 0, .ofs_y = 6},
    {.bitmap_index = 15854, .adv_w = 768, .box_w = 24, .box_h = 42, .ofs_x = 12, .ofs_y = 6},
    {.bitmap_index = 15980, .adv_w = 768, .box_w = 12, .box_h = 42, .ofs_x = 18, .ofs_y = 6},
    {.bitmap_index = 16043, .adv_w = 768, .box_w = 24, .box_h = 42, .ofs_x = 6, .ofs_y = 6},
    {.bitmap_index = 16169, .adv_w = 768, .box_w = 42, .box_h = 18, .ofs_x = 0, .ofs_y = 18},
    {.bitmap_index = 16264, .adv_w = 768, .box_w = 30, .box_h = 12, .ofs_x = 6, .ofs_y = 6}
};

/*---------------------
 *  CHARACTER MAPPING
 *--------------------*/

/*Collect the unicode lists and glyph_id offsets*/
static const lv_font_fmt_txt_cmap_t cmaps[] =
{
    {
        .range_start = 32, .range_length = 96, .glyph_id_start = 1,
        .unicode_list = NULL, .glyph_id_ofs_list = NULL, .list_length = 0, .type = LV_FONT_FMT_TXT_CMAP_FORMAT0_TINY
    }
};

/*--------------------
 *  ALL CUSTOM DATA
 *--------------------*/

#if LVGL_VERSION_MAJOR == 8
/*Store all the custom data of the font*/
static  lv_font_fmt_txt_glyph_cache_t cache;
#endif

#if LVGL_VERSION_MAJOR >= 8
static const lv_font_fmt_txt_dsc_t font_dsc = {
#else
static lv_font_fmt_txt_dsc_t font_dsc = {
#endif
    .glyph_bitmap = glyph_bitmap,
    .glyph_dsc = glyph_dsc,
    .cmaps = cmaps,
    .kern_dsc = NULL,
    .kern_scale = 0,
    .cmap_num = 1,
    .bpp = 1,
    .kern_classes = 0,
    .bitmap_format = 0,
#if LVGL_VERSION_MAJOR == 8
    .cache = &cache
#endif
};

/*-----------------
 *  PUBLIC FONT
 *----------------*/

/*Initialize a public general font descriptor*/
#if LVGL_VERSION_MAJOR >= 8
const lv_font_t ui_font_press_start2_p_48 = {
#else
lv_font_t ui_font_press_start2_p_48 = {
#endif
    .get_glyph_dsc = lv_font_get_glyph_dsc_fmt_txt,    /*Function pointer to get glyph's data*/
    .get_glyph_bitmap = lv_font_get_bitmap_fmt_txt,    /*Function pointer to get glyph's bitmap*/
    .line_height = 48,          /*The maximum line height required by the font*/
    .base_line = 0,             /*Baseline measured from the bottom of the line*/
#if !(LVGL_VERSION_MAJOR == 6 && LVGL_VERSION_MINOR == 0)
    .subpx = LV_FONT_SUBPX_NONE,
#endif
#if LV_VERSION_CHECK(7, 4, 0) || LVGL_VERSION_MAJOR >= 8
    .underline_position = -4,
    .underline_thickness = 2,
#endif
    .dsc = &font_dsc,          /*The custom font data. Will be accessed by `get_glyph_bitmap/dsc` */
#if LV_VERSION_CHECK(8, 2, 0) || LVGL_VERSION_MAJOR >= 9
    .fallback = NULL,
#endif
    .user_data = NULL,
};

#endif /*#if UI_FONT_PRESS_START2_P_48*/